"YEAR","TRIP_ID","SET_ID","BECKET","TRAP","total_count"
2009,69067,1,1,1,10
2009,69067,1,2,2,7
2009,69067,1,3,3,10
2009,69067,1,4,4,
2009,69067,1,5,5,5
2009,69067,1,6,6,
2009,69067,1,7,7,
2009,69067,1,8,8,
2009,69067,1,9,9,2
2009,69067,1,10,10,1
2009,69067,1,11,11,4
2009,69067,1,12,12,5
2009,69067,1,13,13,2
2009,69067,1,14,14,2
2009,69067,1,15,15,4
2009,69067,1,16,16,8
2009,69067,1,17,17,3
2009,69067,1,18,18,8
2009,69067,1,19,19,2
2009,69067,1,20,20,4
2009,69067,1,21,21,6
2009,69067,1,22,22,1
2009,69067,1,23,23,2
2009,69067,1,24,24,4
2009,69067,1,25,25,2
2009,69067,2,1,1,6
2009,69067,2,2,2,13
2009,69067,2,3,3,28
2009,69067,2,4,4,43
2009,69067,2,5,5,60
2009,69067,2,6,6,44
2009,69067,2,7,7,23
2009,69067,2,8,8,44
2009,69067,2,9,9,34
2009,69067,2,10,10,14
2009,69067,2,11,11,12
2009,69067,2,12,12,15
2009,69067,2,13,13,8
2009,69067,2,14,14,11
2009,69067,2,15,15,22
2009,69067,2,16,16,14
2009,69067,2,17,17,32
2009,69067,2,18,18,25
2009,69067,2,19,19,31
2009,69067,2,20,20,19
2009,69067,2,21,21,32
2009,69067,2,22,22,21
2009,69067,2,23,23,12
2009,69067,2,24,24,22
2009,69067,2,25,25,32
2009,69067,3,1,1,18
2009,69067,3,2,2,12
2009,69067,3,3,3,3
2009,69067,3,4,4,7
2009,69067,3,5,5,5
2009,69067,3,6,6,3
2009,69067,3,7,7,
2009,69067,3,8,8,1
2009,69067,3,9,9,8
2009,69067,3,10,10,1
2009,69067,3,11,11,
2009,69067,3,12,12,
2009,69067,3,13,13,
2009,69067,3,14,14,17
2009,69067,3,15,15,1
2009,69067,3,16,16,
2009,69067,3,17,17,
2009,69067,3,18,18,
2009,69067,3,19,19,
2009,69067,3,20,20,
2009,69067,3,21,21,5
2009,69067,3,22,22,
2009,69067,3,23,23,
2009,69067,3,24,24,1
2009,69067,3,25,25,2
2009,69067,4,1,1,4
2009,69067,4,2,2,1
2009,69067,4,3,3,4
2009,69067,4,4,4,
2009,69067,4,5,5,3
2009,69067,4,6,6,1
2009,69067,4,7,7,1
2009,69067,4,8,8,1
2009,69067,4,9,9,3
2009,69067,4,10,10,2
2009,69067,4,11,11,1
2009,69067,4,12,12,1
2009,69067,4,13,13,3
2009,69067,4,14,14,2
2009,69067,4,15,15,1
2009,69067,4,16,16,4
2009,69067,4,17,17,3
2009,69067,4,18,18,6
2009,69067,4,19,19,1
2009,69067,4,20,20,
2009,69067,4,21,21,
2009,69067,4,22,22,4
2009,69067,4,23,23,1
2009,69067,4,24,24,5
2009,69067,4,25,25,2
2009,69067,5,1,1,17
2009,69067,5,2,2,10
2009,69067,5,3,3,9
2009,69067,5,4,4,29
2009,69067,5,5,5,16
2009,69067,5,6,6,16
2009,69067,5,7,7,3
2009,69067,5,8,8,12
2009,69067,5,9,9,4
2009,69067,5,10,10,6
2009,69067,5,11,11,22
2009,69067,5,12,12,3
2009,69067,5,13,13,4
2009,69067,5,14,14,7
2009,69067,5,15,15,13
2009,69067,5,16,16,10
2009,69067,5,17,17,11
2009,69067,5,18,18,15
2009,69067,5,19,19,3
2009,69067,5,20,20,7
2009,69067,5,21,21,13
2009,69067,5,22,22,14
2009,69067,5,23,23,4
2009,69067,5,24,24,21
2009,69067,5,25,25,14
2009,69067,6,1,1,1
2009,69067,6,2,2,7
2009,69067,6,3,3,
2009,69067,6,4,4,3
2009,69067,6,5,5,1
2009,69067,6,6,6,
2009,69067,6,7,7,2
2009,69067,6,8,8,1
2009,69067,6,9,9,
2009,69067,6,10,10,
2009,69067,6,11,11,1
2009,69067,6,12,12,
2009,69067,6,13,13,1
2009,69067,6,14,14,2
2009,69067,6,15,15,
2009,69067,6,16,16,4
2009,69067,6,17,17,
2009,69067,6,18,18,6
2009,69067,6,19,19,7
2009,69067,6,20,20,2
2009,69067,6,21,21,2
2009,69067,6,22,22,4
2009,69067,6,23,23,5
2009,69067,6,24,24,1
2009,69067,6,25,25,11
2009,69067,7,1,1,
2009,69067,7,2,2,14
2009,69067,7,3,3,7
2009,69067,7,4,4,15
2009,69067,7,5,5,15
2009,69067,7,6,6,16
2009,69067,7,7,7,6
2009,69067,7,8,8,14
2009,69067,7,9,9,9
2009,69067,7,10,10,1
2009,69067,7,11,11,2
2009,69067,7,12,12,2
2009,69067,7,13,13,
2009,69067,7,14,14,19
2009,69067,7,15,15,
2009,69067,7,16,16,3
2009,69067,7,17,17,8
2009,69067,7,18,18,6
2009,69067,7,19,19,17
2009,69067,7,20,20,9
2009,69067,7,21,21,1
2009,69067,7,22,22,3
2009,69067,7,23,23,22
2009,69067,7,24,24,8
2009,69067,7,25,25,
2009,69067,8,1,1,18
2009,69067,8,2,2,4
2009,69067,8,3,3,3
2009,69067,8,4,4,5
2009,69067,8,5,5,
2009,69067,8,6,6,1
2009,69067,8,7,7,2
2009,69067,8,8,8,1
2009,69067,8,9,9,2
2009,69067,8,10,10,
2009,69067,8,11,11,2
2009,69067,8,12,12,3
2009,69067,8,13,13,1
2009,69067,8,14,14,
2009,69067,8,15,15,4
2009,69067,8,16,16,
2009,69067,8,17,17,3
2009,69067,8,18,18,
2009,69067,8,19,19,2
2009,69067,8,20,20,
2009,69067,8,21,21,1
2009,69067,8,22,22,
2009,69067,8,23,23,1
2009,69067,8,24,24,
2009,69067,8,25,25,1
2009,69067,9,1,1,4
2009,69067,9,2,2,
2009,69067,9,3,3,25
2009,69067,9,4,4,5
2009,69067,9,5,5,9
2009,69067,9,6,6,3
2009,69067,9,7,7,10
2009,69067,9,8,8,25
2009,69067,9,9,9,
2009,69067,9,10,10,5
2009,69067,9,11,11,
2009,69067,9,12,12,5
2009,69067,9,13,13,3
2009,69067,9,14,14,4
2009,69067,9,15,15,1
2009,69067,9,16,16,
2009,69067,9,17,17,7
2009,69067,9,18,18,16
2009,69067,9,19,19,3
2009,69067,9,20,20,
2009,69067,9,21,21,
2009,69067,9,22,22,9
2009,69067,9,23,23,3
2009,69067,9,24,24,1
2009,69067,9,25,25,
2009,69067,10,1,1,14
2009,69067,10,2,2,15
2009,69067,10,3,3,13
2009,69067,10,4,4,
2009,69067,10,5,5,2
2009,69067,10,6,6,10
2009,69067,10,7,7,5
2009,69067,10,8,8,5
2009,69067,10,9,9,2
2009,69067,10,10,10,
2009,69067,10,11,11,12
2009,69067,10,12,12,
2009,69067,10,13,13,12
2009,69067,10,14,14,4
2009,69067,10,15,15,5
2009,69067,10,16,16,4
2009,69067,10,17,17,6
2009,69067,10,18,18,
2009,69067,10,19,19,4
2009,69067,10,20,20,
2009,69067,10,21,21,4
2009,69067,10,22,22,26
2009,69067,10,23,23,20
2009,69067,10,24,24,23
2009,69067,10,25,25,10
2009,69067,11,1,1,35
2009,69067,11,2,2,12
2009,69067,11,3,3,29
2009,69067,11,4,4,12
2009,69067,11,5,5,12
2009,69067,11,6,6,20
2009,69067,11,7,7,22
2009,69067,11,8,8,15
2009,69067,11,9,9,29
2009,69067,11,10,10,17
2009,69067,11,11,11,16
2009,69067,11,12,12,11
2009,69067,11,13,13,7
2009,69067,11,14,14,10
2009,69067,11,15,15,10
2009,69067,11,16,16,16
2009,69067,11,17,17,13
2009,69067,11,18,18,3
2009,69067,11,19,19,12
2009,69067,11,20,20,12
2009,69067,11,21,21,3
2009,69067,11,22,22,12
2009,69067,11,23,23,3
2009,69067,11,24,24,9
2009,69067,11,25,25,7
2009,69067,12,1,1,4
2009,69067,12,2,2,7
2009,69067,12,3,3,9
2009,69067,12,4,4,14
2009,69067,12,5,5,3
2009,69067,12,6,6,
2009,69067,12,7,7,2
2009,69067,12,8,8,7
2009,69067,12,9,9,12
2009,69067,12,10,10,9
2009,69067,12,11,11,14
2009,69067,12,12,12,7
2009,69067,12,13,13,16
2009,69067,12,14,14,5
2009,69067,12,15,15,
2009,69067,12,16,16,6
2009,69067,12,17,17,8
2009,69067,12,18,18,
2009,69067,12,19,19,7
2009,69067,12,20,20,7
2009,69067,12,21,21,
2009,69067,12,22,22,6
2009,69067,12,23,23,14
2009,69067,12,24,24,11
2009,69067,13,1,1,18
2009,69067,13,2,2,13
2009,69067,13,3,3,18
2009,69067,13,4,4,11
2009,69067,13,5,5,6
2009,69067,13,6,6,17
2009,69067,13,7,7,23
2009,69067,13,8,8,11
2009,69067,13,9,9,14
2009,69067,13,10,10,5
2009,69067,13,11,11,5
2009,69067,13,12,12,17
2009,69067,13,13,13,19
2009,69067,13,14,14,20
2009,69067,13,15,15,14
2009,69067,13,16,16,19
2009,69067,13,17,17,16
2009,69067,13,18,18,17
2009,69067,13,19,19,5
2009,69067,13,20,20,8
2009,69067,13,21,21,16
2009,69067,13,22,22,19
2009,69067,13,23,23,8
2009,69067,13,24,24,13
2009,69067,13,25,25,16
2009,69067,14,1,1,1
2009,69067,14,2,2,4
2009,69067,14,3,3,3
2009,69067,14,4,4,1
2009,69067,14,5,5,
2009,69067,14,6,6,
2009,69067,14,7,7,
2009,69067,14,8,8,1
2009,69067,14,9,9,
2009,69067,14,10,10,1
2009,69067,14,11,11,1
2009,69067,14,12,12,
2009,69067,14,13,13,2
2009,69067,14,14,14,
2009,69067,14,15,15,6
2009,69067,14,16,16,2
2009,69067,14,17,17,3
2009,69067,14,18,18,
2009,69067,14,19,19,
2009,69067,14,20,20,
2009,69067,14,21,21,1
2009,69067,14,22,22,
2009,69067,14,23,23,
2009,69067,14,24,24,
2009,69067,14,25,25,5
2009,69067,15,1,1,3
2009,69067,15,2,2,7
2009,69067,15,3,3,1
2009,69067,15,4,4,
2009,69067,15,5,5,
2009,69067,15,6,6,
2009,69067,15,7,7,2
2009,69067,15,8,8,5
2009,69067,15,9,9,
2009,69067,15,10,10,
2009,69067,15,11,11,7
2009,69067,15,12,12,
2009,69067,15,13,13,
2009,69067,15,14,14,
2009,69067,15,15,15,1
2009,69067,15,16,16,3
2009,69067,15,17,17,
2009,69067,15,18,18,2
2009,69067,15,19,19,3
2009,69067,15,20,20,
2009,69067,15,21,21,2
2009,69067,15,22,22,
2009,69067,15,23,23,3
2009,69067,15,24,24,4
2009,69067,15,25,25,14
2009,69067,16,1,1,
2009,69067,16,2,2,3
2009,69067,16,3,3,3
2009,69067,16,4,4,7
2009,69067,16,5,5,
2009,69067,16,6,6,3
2009,69067,16,7,7,5
2009,69067,16,8,8,13
2009,69067,16,9,9,18
2009,69067,16,10,10,10
2009,69067,16,11,11,4
2009,69067,16,12,12,18
2009,69067,16,13,13,16
2009,69067,16,14,14,19
2009,69067,16,15,15,15
2009,69067,16,16,16,1
2009,69067,16,17,17,5
2009,69067,16,18,18,2
2009,69067,16,19,19,5
2009,69067,16,20,20,13
2009,69067,16,21,21,19
2009,69067,16,22,22,15
2009,69067,16,23,23,5
2009,69067,16,24,24,5
2009,69067,16,25,25,6
2009,69067,17,1,1,35
2009,69067,17,2,2,44
2009,69067,17,3,3,11
2009,69067,17,4,4,33
2009,69067,17,5,5,24
2009,69067,17,6,6,20
2009,69067,17,7,7,8
2009,69067,17,8,8,3
2009,69067,17,9,9,22
2009,69067,17,10,10,10
2009,69067,17,11,11,22
2009,69067,17,12,12,11
2009,69067,17,13,13,34
2009,69067,17,14,14,14
2009,69067,17,15,15,9
2009,69067,17,16,16,14
2009,69067,17,17,17,13
2009,69067,17,18,18,18
2009,69067,17,19,19,26
2009,69067,17,20,20,16
2009,69067,17,21,21,7
2009,69067,17,22,22,19
2009,69067,17,23,23,4
2009,69067,17,24,24,9
2009,69067,17,25,25,14
2009,69067,18,1,1,6
2009,69067,18,2,2,15
2009,69067,18,3,3,18
2009,69067,18,4,4,22
2009,69067,18,5,5,29
2009,69067,18,6,6,10
2009,69067,18,7,7,13
2009,69067,18,8,8,32
2009,69067,18,9,9,19
2009,69067,18,10,10,13
2009,69067,18,11,11,21
2009,69067,18,12,12,30
2009,69067,18,13,13,5
2009,69067,18,14,14,32
2009,69067,18,15,15,11
2009,69067,18,16,16,27
2009,69067,18,17,17,58
2009,69067,18,18,18,15
2009,69067,18,19,19,19
2009,69067,18,20,20,21
2009,69067,18,21,21,49
2009,69067,18,22,22,36
2009,69067,18,23,23,41
2009,69067,18,24,24,14
2009,69067,19,1,1,1
2009,69067,19,2,2,10
2009,69067,19,3,3,13
2009,69067,19,4,4,12
2009,69067,19,5,5,4
2009,69067,19,6,6,1
2009,69067,19,7,7,8
2009,69067,19,8,8,3
2009,69067,19,9,9,
2009,69067,19,10,10,11
2009,69067,19,11,11,2
2009,69067,19,12,12,8
2009,69067,19,13,13,
2009,69067,19,14,14,3
2009,69067,19,15,15,
2009,69067,19,16,16,6
2009,69067,19,17,17,8
2009,69067,19,18,18,2
2009,69067,19,19,19,5
2009,69067,19,20,20,9
2009,69067,19,21,21,5
2009,69067,19,22,22,7
2009,69067,19,23,23,8
2009,69067,19,24,24,7
2009,69067,19,25,25,12
2009,69067,20,1,1,3
2009,69067,20,2,2,5
2009,69067,20,3,3,5
2009,69067,20,4,4,8
2009,69067,20,5,5,5
2009,69067,20,6,6,11
2009,69067,20,7,7,14
2009,69067,20,8,8,13
2009,69067,20,9,9,10
2009,69067,20,10,10,2
2009,69067,20,11,11,9
2009,69067,20,12,12,4
2009,69067,20,13,13,13
2009,69067,20,14,14,5
2009,69067,20,15,15,11
2009,69067,20,16,16,9
2009,69067,20,17,17,15
2009,69067,20,18,18,11
2009,69067,20,19,19,14
2009,69067,20,20,20,14
2009,69067,20,21,21,13
2009,69067,20,22,22,13
2009,69067,20,23,23,1
2009,69067,20,24,24,5
2009,69067,20,25,25,2
2009,69067,21,1,1,1
2009,69067,21,2,2,
2009,69067,21,3,3,
2009,69067,21,4,4,1
2009,69067,21,5,5,5
2009,69067,21,6,6,
2009,69067,21,7,7,
2009,69067,21,8,8,1
2009,69067,21,9,9,
2009,69067,21,10,10,
2009,69067,21,11,11,8
2009,69067,21,12,12,
2009,69067,21,13,13,1
2009,69067,21,14,14,
2009,69067,21,15,15,
2009,69067,21,16,16,
2009,69067,21,17,17,1
2009,69067,21,18,18,
2009,69067,21,19,19,4
2009,69067,21,20,20,3
2009,69067,21,21,21,
2009,69067,21,22,22,
2009,69067,21,23,23,1
2009,69067,21,24,24,
2009,69067,21,25,25,
2009,69067,22,1,1,1
2009,69067,22,2,2,
2009,69067,22,3,3,2
2009,69067,22,4,4,
2009,69067,22,5,5,9
2009,69067,22,6,6,2
2009,69067,22,7,7,
2009,69067,22,8,8,
2009,69067,22,9,9,1
2009,69067,22,10,10,
2009,69067,22,11,11,2
2009,69067,22,12,12,2
2009,69067,22,13,13,
2009,69067,22,14,14,1
2009,69067,22,15,15,2
2009,69067,22,16,16,
2009,69067,22,17,17,1
2009,69067,22,18,18,
2009,69067,22,19,19,
2009,69067,22,20,20,
2009,69067,22,21,21,10
2009,69067,22,22,22,6
2009,69067,22,23,23,3
2009,69067,22,24,24,3
2009,69067,23,1,1,5
2009,69067,23,2,2,1
2009,69067,23,3,3,11
2009,69067,23,4,4,8
2009,69067,23,5,5,4
2009,69067,23,6,6,17
2009,69067,23,7,7,35
2009,69067,23,8,8,37
2009,69067,23,9,9,17
2009,69067,23,10,10,27
2009,69067,23,11,11,35
2009,69067,23,12,12,23
2009,69067,23,13,13,19
2009,69067,23,14,14,27
2009,69067,23,15,15,21
2009,69067,23,16,16,21
2009,69067,23,17,17,46
2009,69067,23,18,18,8
2009,69067,23,19,19,34
2009,69067,23,20,20,39
2009,69067,23,21,21,12
2009,69067,23,22,22,13
2009,69067,23,23,23,20
2009,69067,23,24,24,15
2009,69067,23,25,25,20
2009,69067,24,1,1,
2009,69067,24,2,2,
2009,69067,24,3,3,1
2009,69067,24,4,4,
2009,69067,24,5,5,3
2009,69067,24,6,6,
2009,69067,24,7,7,2
2009,69067,24,8,8,
2009,69067,24,9,9,2
2009,69067,24,10,10,5
2009,69067,24,11,11,6
2009,69067,24,12,12,
2009,69067,24,13,13,
2009,69067,24,14,14,1
2009,69067,24,15,15,1
2009,69067,24,16,16,
2009,69067,24,17,17,4
2009,69067,24,18,18,
2009,69067,24,19,19,2
2009,69067,24,20,20,
2009,69067,24,21,21,
2009,69067,24,22,22,
2009,69067,24,23,23,
2009,69067,24,24,24,
2009,69067,24,25,25,
2009,69067,25,1,1,
2009,69067,25,2,2,
2009,69067,25,3,3,
2009,69067,25,4,4,
2009,69067,25,5,5,
2009,69067,25,6,6,
2009,69067,25,7,7,
2009,69067,25,8,8,
2009,69067,25,9,9,
2009,69067,25,10,10,8
2009,69067,25,11,11,1
2009,69067,25,12,12,
2009,69067,25,13,13,
2009,69067,25,14,14,
2009,69067,25,15,15,1
2009,69067,25,16,16,
2009,69067,25,17,17,
2009,69067,25,18,18,1
2009,69067,25,19,19,2
2009,69067,25,20,20,
2009,69067,25,21,21,1
2009,69067,25,22,22,5
2009,69067,25,23,23,2
2009,69067,25,24,24,
2009,69067,25,25,25,
2009,69067,26,1,1,
2009,69067,26,2,2,
2009,69067,26,3,3,1
2009,69067,26,4,4,
2009,69067,26,5,5,
2009,69067,26,6,6,3
2009,69067,26,7,7,3
2009,69067,26,8,8,1
2009,69067,26,9,9,1
2009,69067,26,10,10,3
2009,69067,26,11,11,4
2009,69067,26,12,12,1
2009,69067,26,13,13,3
2009,69067,26,14,14,1
2009,69067,26,15,15,9
2009,69067,26,16,16,
2009,69067,26,17,17,7
2009,69067,26,18,18,
2009,69067,26,19,19,
2009,69067,26,20,20,2
2009,69067,26,21,21,2
2009,69067,26,22,22,
2009,69067,26,23,23,
2009,69067,26,24,24,
2009,69067,26,25,25,
2009,69067,27,1,1,
2009,69067,27,2,2,1
2009,69067,27,3,3,11
2009,69067,27,4,4,
2009,69067,27,5,5,
2009,69067,27,6,6,15
2009,69067,27,7,7,13
2009,69067,27,8,8,5
2009,69067,27,9,9,
2009,69067,27,10,10,10
2009,69067,27,11,11,2
2009,69067,27,12,12,10
2009,69067,27,13,13,14
2009,69067,27,14,14,2
2009,69067,27,15,15,17
2009,69067,27,16,16,14
2009,69067,27,17,17,
2009,69067,27,18,18,3
2009,69067,27,19,19,6
2009,69067,27,20,20,
2009,69067,27,21,21,
2009,69067,27,22,22,3
2009,69067,27,23,23,3
2009,69067,27,24,24,
2009,69067,27,25,25,
2009,69067,28,1,1,3
2009,69067,28,2,2,
2009,69067,28,3,3,3
2009,69067,28,4,4,
2009,69067,28,5,5,1
2009,69067,28,6,6,
2009,69067,28,7,7,
2009,69067,28,8,8,
2009,69067,28,9,9,11
2009,69067,28,10,10,
2009,69067,28,11,11,1
2009,69067,28,12,12,11
2009,69067,28,13,13,
2009,69067,28,14,14,
2009,69067,28,15,15,
2009,69067,28,16,16,3
2009,69067,28,17,17,5
2009,69067,28,18,18,1
2009,69067,28,19,19,1
2009,69067,28,20,20,3
2009,69067,28,21,21,
2009,69067,28,22,22,6
2009,69067,28,23,23,6
2009,69067,28,24,24,5
2009,69067,28,25,25,9
2009,69067,29,1,1,1
2009,69067,29,2,2,3
2009,69067,29,3,3,3
2009,69067,29,4,4,1
2009,69067,29,5,5,3
2009,69067,29,6,6,5
2009,69067,29,7,7,5
2009,69067,29,8,8,6
2009,69067,29,9,9,22
2009,69067,29,10,10,5
2009,69067,29,11,11,5
2009,69067,29,12,12,2
2009,69067,29,13,13,9
2009,69067,29,14,14,6
2009,69067,29,15,15,8
2009,69067,29,16,16,4
2009,69067,29,17,17,12
2009,69067,29,18,18,3
2009,69067,29,19,19,7
2009,69067,29,20,20,3
2009,69067,29,21,21,6
2009,69067,29,22,22,5
2009,69067,29,23,23,1
2009,69067,29,24,24,2
2009,69067,30,1,1,1
2009,69067,30,2,2,7
2009,69067,30,3,3,2
2009,69067,30,4,4,1
2009,69067,30,5,5,
2009,69067,30,6,6,9
2009,69067,30,7,7,2
2009,69067,30,8,8,14
2009,69067,30,9,9,
2009,69067,30,10,10,
2009,69067,30,11,11,1
2009,69067,30,12,12,2
2009,69067,30,13,13,1
2009,69067,30,14,14,2
2009,69067,30,15,15,18
2009,69067,30,16,16,6
2009,69067,30,17,17,4
2009,69067,30,18,18,7
2009,69067,30,19,19,13
2009,69067,30,20,20,3
2009,69067,30,21,21,3
2009,69067,30,22,22,4
2009,69067,30,23,23,
2009,69067,31,1,1,
2009,69067,31,2,2,
2009,69067,31,3,3,3
2009,69067,31,4,4,4
2009,69067,31,5,5,7
2009,69067,31,6,6,
2009,69067,31,7,7,1
2009,69067,31,8,8,2
2009,69067,31,9,9,2
2009,69067,31,10,10,14
2009,69067,31,11,11,13
2009,69067,31,12,12,7
2009,69067,31,13,13,7
2009,69067,31,14,14,6
2009,69067,31,15,15,4
2009,69067,31,16,16,8
2009,69067,31,17,17,3
2009,69067,31,18,18,11
2009,69067,31,19,19,12
2009,69067,31,20,20,6
2009,69067,31,21,21,4
2009,69067,31,22,22,10
2009,69067,31,23,23,6
2009,69067,31,24,24,2
2009,69067,31,25,25,
2009,69067,32,1,1,1
2009,69067,32,2,2,2
2009,69067,32,3,3,
2009,69067,32,4,4,
2009,69067,32,5,5,
2009,69067,32,6,6,
2009,69067,32,7,7,4
2009,69067,32,8,8,
2009,69067,32,9,9,
2009,69067,32,10,10,
2009,69067,32,11,11,
2009,69067,32,12,12,8
2009,69067,32,13,13,14
2009,69067,32,14,14,10
2009,69067,32,15,15,13
2009,69067,32,16,16,7
2009,69067,32,17,17,8
2009,69067,32,18,18,9
2009,69067,32,19,19,7
2009,69067,32,20,20,12
2009,69067,32,21,21,14
2009,69067,32,22,22,1
2009,69067,32,23,23,15
2009,69067,32,24,24,11
2009,69067,32,25,25,12
2009,69067,32,26,26,8
2009,69067,33,1,1,
2009,69067,33,2,2,
2009,69067,33,3,3,3
2009,69067,33,4,4,9
2009,69067,33,5,5,16
2009,69067,33,6,6,17
2009,69067,33,7,7,26
2009,69067,33,8,8,13
2009,69067,33,9,9,12
2009,69067,33,10,10,13
2009,69067,33,11,11,15
2009,69067,33,12,12,14
2009,69067,33,13,13,5
2009,69067,33,14,14,6
2009,69067,33,15,15,5
2009,69067,33,16,16,6
2009,69067,33,17,17,7
2009,69067,33,18,18,2
2009,69067,33,19,19,6
2009,69067,33,20,20,1
2009,69067,33,21,21,2
2009,69067,33,22,22,2
2009,69067,33,23,23,
2009,69067,33,24,24,
2009,69067,33,25,25,
2009,69067,34,1,1,
2009,69067,34,2,2,2
2009,69067,34,3,3,4
2009,69067,34,4,4,
2009,69067,34,5,5,2
2009,69067,34,6,6,2
2009,69067,34,7,7,2
2009,69067,34,8,8,16
2009,69067,34,9,9,7
2009,69067,34,10,10,14
2009,69067,34,11,11,8
2009,69067,34,12,12,2
2009,69067,34,13,13,6
2009,69067,34,14,14,1
2009,69067,34,15,15,4
2009,69067,34,16,16,8
2009,69067,34,17,17,2
2009,69067,34,18,18,
2009,69067,34,19,19,1
2009,69067,34,20,20,1
2009,69067,34,21,21,5
2009,69067,34,22,22,3
2009,69067,34,23,23,
2009,69067,34,24,24,1
2009,69067,34,25,25,1
2009,69067,35,1,1,
2009,69067,35,2,2,1
2009,69067,35,3,3,1
2009,69067,35,4,4,2
2009,69067,35,5,5,1
2009,69067,35,6,6,
2009,69067,35,7,7,
2009,69067,35,8,8,
2009,69067,35,9,9,
2009,69067,35,10,10,
2009,69067,35,11,11,
2009,69067,35,12,12,
2009,69067,35,13,13,3
2009,69067,35,14,14,1
2009,69067,35,15,15,
2009,69067,35,16,16,
2009,69067,35,17,17,
2009,69067,35,18,18,3
2009,69067,35,19,19,
2009,69067,35,20,20,
2009,69067,35,21,21,
2009,69067,35,22,22,
2009,69067,35,23,23,1
2009,69067,35,24,24,
2009,69067,35,25,25,1
2009,69067,36,1,1,
2009,69067,36,2,2,
2009,69067,36,3,3,
2009,69067,36,4,4,11
2009,69067,36,5,5,
2009,69067,36,6,6,
2009,69067,36,7,7,26
2009,69067,36,8,8,23
2009,69067,36,9,9,2
2009,69067,36,10,10,15
2009,69067,36,11,11,
2009,69067,36,12,12,13
2009,69067,36,13,13,9
2009,69067,36,14,14,
2009,69067,36,15,15,1
2009,69067,36,16,16,
2009,69067,36,17,17,
2009,69067,36,18,18,6
2009,69067,36,19,19,8
2009,69067,36,20,20,
2009,69067,36,21,21,12
2009,69067,36,22,22,10
2009,69067,36,23,23,22
2009,69067,36,24,24,10
2009,69067,36,25,25,9
2009,69067,36,26,26,
2009,69067,37,1,1,13
2009,69067,37,2,2,22
2009,69067,37,3,3,14
2009,69067,37,4,4,22
2009,69067,37,5,5,3
2009,69067,37,6,6,6
2009,69067,37,7,7,7
2009,69067,37,8,8,19
2009,69067,37,9,9,1
2009,69067,37,10,10,
2009,69067,37,11,11,15
2009,69067,37,12,12,19
2009,69067,37,13,13,19
2009,69067,37,14,14,8
2009,69067,37,15,15,11
2009,69067,37,16,16,7
2009,69067,37,17,17,19
2009,69067,37,18,18,12
2009,69067,37,19,19,5
2009,69067,37,20,20,17
2009,69067,37,21,21,17
2009,69067,37,22,22,11
2009,69067,37,23,23,3
2009,69067,37,24,24,12
2009,69067,37,25,25,8
2009,69067,38,1,1,
2009,69067,38,2,2,2
2009,69067,38,3,3,
2009,69067,38,4,4,4
2009,69067,38,5,5,
2009,69067,38,6,6,1
2009,69067,38,7,7,2
2009,69067,38,8,8,9
2009,69067,38,9,9,19
2009,69067,38,10,10,11
2009,69067,38,11,11,1
2009,69067,38,12,12,4
2009,69067,38,13,13,
2009,69067,38,14,14,3
2009,69067,38,15,15,
2009,69067,38,16,16,1
2009,69067,38,17,17,
2009,69067,38,18,18,1
2009,69067,38,19,19,1
2009,69067,38,20,20,15
2009,69067,38,21,21,1
2009,69067,38,22,22,
2009,69067,38,23,23,12
2009,69067,38,24,24,5
2009,69067,38,25,25,2
2009,69067,39,1,1,
2009,69067,39,2,2,1
2009,69067,39,3,3,
2009,69067,39,4,4,
2009,69067,39,5,5,
2009,69067,39,6,6,
2009,69067,39,7,7,
2009,69067,39,8,8,
2009,69067,39,9,9,
2009,69067,39,10,10,
2009,69067,39,11,11,1
2009,69067,39,12,12,
2009,69067,39,13,13,
2009,69067,39,14,14,
2009,69067,39,15,15,1
2009,69067,39,16,16,
2009,69067,39,17,17,
2009,69067,39,18,18,
2009,69067,39,19,19,
2009,69067,39,20,20,
2009,69067,39,21,21,1
2009,69067,39,22,22,
2009,69067,39,23,23,
2009,69067,39,24,24,
2009,69067,39,25,25,
2009,69067,40,1,1,
2009,69067,40,2,2,
2009,69067,40,3,3,1
2009,69067,40,4,4,1
2009,69067,40,5,5,
2009,69067,40,6,6,1
2009,69067,40,7,7,2
2009,69067,40,8,8,1
2009,69067,40,9,9,3
2009,69067,40,10,10,
2009,69067,40,11,11,1
2009,69067,40,12,12,
2009,69067,40,13,13,
2009,69067,40,14,14,5
2009,69067,40,15,15,4
2009,69067,40,16,16,1
2009,69067,40,17,17,
2009,69067,40,18,18,2
2009,69067,40,19,19,1
2009,69067,40,20,20,1
2009,69067,40,21,21,
2009,69067,40,22,22,
2009,69067,40,23,23,
2009,69067,40,24,24,
2009,69067,40,25,25,
2009,69067,41,1,1,
2009,69067,41,2,2,
2009,69067,41,3,3,
2009,69067,41,4,4,4
2009,69067,41,5,5,
2009,69067,41,6,6,1
2009,69067,41,7,7,1
2009,69067,41,8,8,
2009,69067,41,9,9,1
2009,69067,41,10,10,
2009,69067,41,11,11,
2009,69067,41,12,12,4
2009,69067,41,13,13,
2009,69067,41,14,14,1
2009,69067,41,15,15,
2009,69067,41,16,16,
2009,69067,41,17,17,1
2009,69067,41,18,18,
2009,69067,41,19,19,
2009,69067,41,20,20,5
2009,69067,41,21,21,
2009,69067,41,22,22,1
2009,69067,41,23,23,
2009,69067,41,24,24,
2009,69067,41,25,25,
2009,69067,42,1,1,
2009,69067,42,2,2,
2009,69067,42,3,3,
2009,69067,42,4,4,
2009,69067,42,5,5,
2009,69067,42,6,6,
2009,69067,42,7,7,
2009,69067,42,8,8,
2009,69067,42,9,9,
2009,69067,42,10,10,5
2009,69067,42,11,11,
2009,69067,42,12,12,
2009,69067,42,13,13,
2009,69067,42,14,14,2
2009,69067,42,15,15,
2009,69067,42,16,16,
2009,69067,42,17,17,7
2009,69067,42,18,18,
2009,69067,42,19,19,7
2009,69067,42,20,20,5
2009,69067,42,21,21,
2009,69067,42,22,22,
2009,69067,42,23,23,3
2009,69067,42,24,24,1
2009,69067,42,25,25,1
2009,69067,43,1,1,6
2009,69067,43,2,2,2
2009,69067,43,3,3,8
2009,69067,43,4,4,5
2009,69067,43,5,5,2
2009,69067,43,6,6,
2009,69067,43,7,7,4
2009,69067,43,8,8,
2009,69067,43,9,9,
2009,69067,43,10,10,
2009,69067,43,11,11,
2009,69067,43,12,12,1
2009,69067,43,13,13,1
2009,69067,43,14,14,
2009,69067,43,15,15,12
2009,69067,43,16,16,3
2009,69067,43,17,17,1
2009,69067,43,18,18,1
2009,69067,43,19,19,
2009,69067,43,20,20,
2009,69067,43,21,21,
2009,69067,43,22,22,2
2009,69067,43,23,23,1
2009,69067,43,24,24,3
2009,69067,43,25,25,4
2009,69067,44,1,1,1
2009,69067,44,2,2,4
2009,69067,44,3,3,7
2009,69067,44,4,4,7
2009,69067,44,5,5,6
2009,69067,44,6,6,6
2009,69067,44,7,7,
2009,69067,44,8,8,2
2009,69067,44,9,9,10
2009,69067,44,10,10,13
2009,69067,44,11,11,15
2009,69067,44,12,12,13
2009,69067,44,13,13,17
2009,69067,44,14,14,
2009,69067,44,15,15,20
2009,69067,44,16,16,16
2009,69067,44,17,17,7
2009,69067,44,18,18,16
2009,69067,44,19,19,16
2009,69067,44,20,20,12
2009,69067,44,21,21,5
2009,69067,44,22,22,27
2009,69067,44,23,23,19
2009,69067,44,24,24,1
2009,69067,44,25,25,5
2009,69067,45,1,1,2
2009,69067,45,2,2,3
2009,69067,45,3,3,1
2009,69067,45,4,4,10
2009,69067,45,5,5,8
2009,69067,45,6,6,7
2009,69067,45,7,7,
2009,69067,45,8,8,3
2009,69067,45,9,9,1
2009,69067,45,10,10,1
2009,69067,45,11,11,
2009,69067,45,12,12,1
2009,69067,45,13,13,1
2009,69067,45,14,14,
2009,69067,45,15,15,
2009,69067,45,16,16,
2009,69067,45,17,17,3
2009,69067,45,18,18,
2009,69067,45,19,19,
2009,69067,45,20,20,1
2009,69067,45,21,21,
2009,69067,45,22,22,2
2009,69067,45,23,23,
2009,69067,45,24,24,5
2009,69067,45,25,25,
2009,69067,46,1,1,1
2009,69067,46,2,2,1
2009,69067,46,3,3,1
2009,69067,46,4,4,12
2009,69067,46,5,5,1
2009,69067,46,6,6,1
2009,69067,46,7,7,13
2009,69067,46,8,8,3
2009,69067,46,9,9,1
2009,69067,46,10,10,
2009,69067,46,11,11,2
2009,69067,46,12,12,1
2009,69067,46,13,13,2
2009,69067,46,14,14,5
2009,69067,46,15,15,
2009,69067,46,16,16,1
2009,69067,46,17,17,
2009,69067,46,18,18,5
2009,69067,46,19,19,1
2009,69067,46,20,20,
2009,69067,46,21,21,5
2009,69067,46,22,22,1
2009,69067,46,23,23,7
2009,69067,46,24,24,7
2009,69067,46,25,25,3
2009,69067,47,1,1,2
2009,69067,47,2,2,2
2009,69067,47,3,3,3
2009,69067,47,4,4,1
2009,69067,47,5,5,
2009,69067,47,6,6,
2009,69067,47,7,7,1
2009,69067,47,8,8,2
2009,69067,47,9,9,
2009,69067,47,10,10,
2009,69067,47,11,11,
2009,69067,47,12,12,2
2009,69067,47,13,13,4
2009,69067,47,14,14,1
2009,69067,47,15,15,
2009,69067,47,16,16,
2009,69067,47,17,17,
2009,69067,47,18,18,
2009,69067,47,19,19,1
2009,69067,47,20,20,
2009,69067,47,21,21,4
2009,69067,47,22,22,
2009,69067,47,23,23,
2009,69067,47,24,24,
2009,69067,47,25,25,
2009,69067,48,1,1,
2009,69067,48,2,2,
2009,69067,48,3,3,
2009,69067,48,4,4,
2009,69067,48,5,5,3
2009,69067,48,6,6,2
2009,69067,48,7,7,1
2009,69067,48,8,8,1
2009,69067,48,9,9,6
2009,69067,48,10,10,3
2009,69067,48,11,11,2
2009,69067,48,12,12,
2009,69067,48,13,13,3
2009,69067,48,14,14,
2009,69067,48,15,15,
2009,69067,48,16,16,3
2009,69067,48,17,17,1
2009,69067,48,18,18,7
2009,69067,48,19,19,4
2009,69067,48,20,20,8
2009,69067,48,21,21,
2009,69067,48,22,22,
2009,69067,48,23,23,2
2009,69067,48,24,24,
2009,69067,48,25,25,1
2009,69067,49,1,1,3
2009,69067,49,2,2,12
2009,69067,49,3,3,17
2009,69067,49,4,4,23
2009,69067,49,5,5,7
2009,69067,49,6,6,12
2009,69067,49,7,7,8
2009,69067,49,8,8,19
2009,69067,49,9,9,19
2009,69067,49,10,10,22
2009,69067,49,11,11,8
2009,69067,49,12,12,10
2009,69067,49,13,13,5
2009,69067,49,14,14,5
2009,69067,49,15,15,8
2009,69067,49,16,16,5
2009,69067,49,17,17,8
2009,69067,49,18,18,5
2009,69067,49,19,19,5
2009,69067,49,20,20,6
2009,69067,49,21,21,11
2009,69067,49,22,22,12
2009,69067,49,23,23,8
2009,69067,49,24,24,7
2009,69067,49,25,25,6
2009,69067,50,1,1,
2009,69067,50,2,2,1
2009,69067,50,3,3,
2009,69067,50,4,4,
2009,69067,50,5,5,4
2009,69067,50,6,6,1
2009,69067,50,7,7,
2009,69067,50,8,8,
2009,69067,50,9,9,2
2009,69067,50,10,10,
2009,69067,50,11,11,
2009,69067,50,12,12,
2009,69067,50,13,13,2
2009,69067,50,14,14,
2009,69067,50,15,15,
2009,69067,50,16,16,1
2009,69067,50,17,17,2
2009,69067,50,18,18,1
2009,69067,50,19,19,
2009,69067,50,20,20,
2009,69067,50,21,21,
2009,69067,50,22,22,
2009,69067,50,23,23,
2009,69067,50,24,24,
2009,69067,50,25,25,
2009,69067,51,1,1,1
2009,69067,51,2,2,1
2009,69067,51,3,3,1
2009,69067,51,4,4,
2009,69067,51,5,5,1
2009,69067,51,6,6,
2009,69067,51,7,7,
2009,69067,51,8,8,
2009,69067,51,9,9,1
2009,69067,51,10,10,1
2009,69067,51,11,11,
2009,69067,51,12,12,1
2009,69067,51,13,13,8
2009,69067,51,14,14,
2009,69067,51,15,15,2
2009,69067,51,16,16,
2009,69067,51,17,17,1
2009,69067,51,18,18,1
2009,69067,51,19,19,
2009,69067,51,20,20,
2009,69067,51,21,21,
2009,69067,51,22,22,
2009,69067,51,23,23,3
2009,69067,51,24,24,
2009,69067,51,25,25,2
2009,69067,52,1,1,3
2009,69067,52,2,2,6
2009,69067,52,3,3,7
2009,69067,52,4,4,2
2009,69067,52,5,5,8
2009,69067,52,6,6,14
2009,69067,52,7,7,14
2009,69067,52,8,8,8
2009,69067,52,9,9,9
2009,69067,52,10,10,6
2009,69067,52,11,11,7
2009,69067,52,12,12,24
2009,69067,52,13,13,16
2009,69067,52,14,14,22
2009,69067,52,15,15,22
2009,69067,52,16,16,16
2009,69067,52,17,17,7
2009,69067,52,18,18,7
2009,69067,52,19,19,13
2009,69067,52,20,20,7
2009,69067,52,21,21,16
2009,69067,52,22,22,7
2009,69067,52,23,23,6
2009,69067,52,24,24,4
2009,69067,52,25,25,11
2009,69067,53,1,1,
2009,69067,53,2,2,
2009,69067,53,3,3,
2009,69067,53,4,4,1
2009,69067,53,5,5,
2009,69067,53,6,6,
2009,69067,53,7,7,
2009,69067,53,8,8,2
2009,69067,53,9,9,
2009,69067,53,10,10,
2009,69067,53,11,11,
2009,69067,53,12,12,
2009,69067,53,13,13,2
2009,69067,53,14,14,1
2009,69067,53,15,15,4
2009,69067,53,16,16,
2009,69067,53,17,17,5
2009,69067,53,18,18,
2009,69067,53,19,19,
2009,69067,53,20,20,5
2009,69067,53,21,21,
2009,69067,53,22,22,3
2009,69067,53,23,23,5
2009,69067,53,24,24,4
2009,69067,53,25,25,2
2009,69067,54,1,1,9
2009,69067,54,2,2,
2009,69067,54,3,3,9
2009,69067,54,4,4,5
2009,69067,54,5,5,
2009,69067,54,6,6,2
2009,69067,54,7,7,
2009,69067,54,8,8,1
2009,69067,54,9,9,14
2009,69067,54,10,10,9
2009,69067,54,11,11,3
2009,69067,54,12,12,4
2009,69067,54,13,13,
2009,69067,54,14,14,7
2009,69067,54,15,15,4
2009,69067,54,16,16,4
2009,69067,54,17,17,2
2009,69067,54,18,18,4
2009,69067,54,19,19,2
2009,69067,54,20,20,1
2009,69067,54,21,21,1
2009,69067,54,22,22,10
2009,69067,54,23,23,
2009,69067,54,24,24,3
2009,69067,54,25,25,3
2009,69067,55,1,1,2
2009,69067,55,2,2,5
2009,69067,55,3,3,7
2009,69067,55,4,4,7
2009,69067,55,5,5,6
2009,69067,55,6,6,5
2009,69067,55,7,7,2
2009,69067,55,8,8,4
2009,69067,55,9,9,23
2009,69067,55,10,10,6
2009,69067,55,11,11,6
2009,69067,55,12,12,4
2009,69067,55,13,13,2
2009,69067,55,14,14,
2009,69067,55,15,15,
2009,69067,55,16,16,
2009,69067,55,17,17,
2009,69067,55,18,18,
2009,69067,55,19,19,
2009,69067,55,20,20,
2009,69067,55,21,21,
2009,69067,55,22,22,
2009,69067,55,23,23,
2009,69067,55,24,24,
2009,69067,55,25,25,1
2009,69067,56,1,1,
2009,69067,56,2,2,1
2009,69067,56,3,3,
2009,69067,56,4,4,9
2009,69067,56,5,5,14
2009,69067,56,6,6,4
2009,69067,56,7,7,12
2009,69067,56,8,8,15
2009,69067,56,9,9,10
2009,69067,56,10,10,13
2009,69067,56,11,11,36
2009,69067,56,12,12,20
2009,69067,56,13,13,5
2009,69067,56,14,14,8
2009,69067,56,15,15,6
2009,69067,56,16,16,11
2009,69067,56,17,17,4
2009,69067,56,18,18,3
2009,69067,56,19,19,8
2009,69067,56,20,20,3
2009,69067,56,21,21,
2009,69067,56,22,22,2
2009,69067,56,23,23,2
2009,69067,56,24,24,2
2009,69067,56,25,25,1
2009,69067,57,1,1,
2009,69067,57,2,2,
2009,69067,57,3,3,9
2009,69067,57,4,4,2
2009,69067,57,5,5,
2009,69067,57,6,6,1
2009,69067,57,7,7,
2009,69067,57,8,8,
2009,69067,57,9,9,1
2009,69067,57,10,10,12
2009,69067,57,11,11,6
2009,69067,57,12,12,
2009,69067,57,13,13,1
2009,69067,57,14,14,
2009,69067,57,15,15,
2009,69067,57,16,16,1
2009,69067,57,17,17,15
2009,69067,57,18,18,3
2009,69067,57,19,19,
2009,69067,57,20,20,2
2009,69067,57,21,21,
2009,69067,57,22,22,1
2009,69067,57,23,23,2
2009,69067,57,24,24,1
2009,69067,57,25,25,5
2009,69067,58,1,1,
2009,69067,58,2,2,3
2009,69067,58,3,3,
2009,69067,58,4,4,
2009,69067,58,5,5,
2009,69067,58,6,6,
2009,69067,58,7,7,1
2009,69067,58,8,8,
2009,69067,58,9,9,
2009,69067,58,10,10,
2009,69067,58,11,11,1
2009,69067,58,12,12,2
2009,69067,58,13,13,
2009,69067,58,14,14,1
2009,69067,58,15,15,
2009,69067,58,16,16,
2009,69067,58,17,17,1
2009,69067,58,18,18,
2009,69067,58,19,19,
2009,69067,58,20,20,1
2009,69067,58,21,21,
2009,69067,58,22,22,
2009,69067,58,23,23,
2009,69067,58,24,24,
2009,69067,58,25,25,2
2009,69067,59,1,1,
2009,69067,59,2,2,1
2009,69067,59,3,3,
2009,69067,59,4,4,2
2009,69067,59,5,5,
2009,69067,59,6,6,
2009,69067,59,7,7,
2009,69067,59,8,8,
2009,69067,59,9,9,1
2009,69067,59,10,10,4
2009,69067,59,11,11,1
2009,69067,59,12,12,4
2009,69067,59,13,13,3
2009,69067,59,14,14,4
2009,69067,59,15,15,5
2009,69067,59,16,16,6
2009,69067,59,17,17,10
2009,69067,59,18,18,24
2009,69067,59,19,19,
2009,69067,59,20,20,10
2009,69067,59,21,21,2
2009,69067,59,22,22,3
2009,69067,59,23,23,5
2009,69067,59,24,24,1
2009,69067,59,25,25,1
2009,69067,60,1,1,
2009,69067,60,2,2,4
2009,69067,60,3,3,1
2009,69067,60,4,4,5
2009,69067,60,5,5,1
2009,69067,60,6,6,3
2009,69067,60,7,7,
2009,69067,60,8,8,
2009,69067,60,9,9,
2009,69067,60,10,10,
2009,69067,60,11,11,4
2009,69067,60,12,12,
2009,69067,60,13,13,
2009,69067,60,14,14,5
2009,69067,60,15,15,3
2009,69067,60,16,16,3
2009,69067,60,17,17,1
2009,69067,60,18,18,1
2009,69067,60,19,19,
2009,69067,60,20,20,1
2009,69067,60,21,21,2
2009,69067,60,22,22,
2009,69067,60,23,23,1
2009,69067,60,24,24,
2009,69067,60,25,25,
2009,69067,61,1,1,14
2009,69067,61,2,2,5
2009,69067,61,3,3,4
2009,69067,61,4,4,13
2009,69067,61,5,5,16
2009,69067,61,6,6,13
2009,69067,61,7,7,7
2009,69067,61,8,8,17
2009,69067,61,9,9,13
2009,69067,61,10,10,13
2009,69067,61,11,11,9
2009,69067,61,12,12,20
2009,69067,61,13,13,11
2009,69067,61,14,14,4
2009,69067,61,15,15,12
2009,69067,61,16,16,17
2009,69067,61,17,17,1
2009,69067,61,18,18,11
2009,69067,61,19,19,
2009,69067,61,20,20,15
2009,69067,61,21,21,12
2009,69067,61,22,22,8
2009,69067,61,23,23,4
2009,69067,61,24,24,7
2009,69067,61,25,25,9
2009,69067,62,1,1,3
2009,69067,62,2,2,3
2009,69067,62,3,3,
2009,69067,62,4,4,
2009,69067,62,5,5,1
2009,69067,62,6,6,6
2009,69067,62,7,7,1
2009,69067,62,8,8,1
2009,69067,62,9,9,5
2009,69067,62,10,10,3
2009,69067,62,11,11,1
2009,69067,62,12,12,
2009,69067,62,13,13,
2009,69067,62,14,14,
2009,69067,62,15,15,
2009,69067,62,16,16,2
2009,69067,62,17,17,3
2009,69067,62,18,18,3
2009,69067,62,19,19,7
2009,69067,62,20,20,5
2009,69067,62,21,21,6
2009,69067,62,22,22,5
2009,69067,62,23,23,6
2009,69067,62,24,24,13
2009,69067,62,25,25,10
2009,69067,63,1,1,3
2009,69067,63,2,2,5
2009,69067,63,3,3,5
2009,69067,63,4,4,7
2009,69067,63,5,5,13
2009,69067,63,6,6,7
2009,69067,63,7,7,5
2009,69067,63,8,8,4
2009,69067,63,9,9,14
2009,69067,63,10,10,7
2009,69067,63,11,11,5
2009,69067,63,12,12,9
2009,69067,63,13,13,7
2009,69067,63,14,14,2
2009,69067,63,15,15,8
2009,69067,63,16,16,8
2009,69067,63,17,17,14
2009,69067,63,18,18,11
2009,69067,63,19,19,11
2009,69067,63,20,20,15
2009,69067,63,21,21,11
2009,69067,63,22,22,25
2009,69067,63,23,23,13
2009,69067,63,24,24,23
2009,69067,63,25,25,24
2009,69067,64,1,1,11
2009,69067,64,2,2,29
2009,69067,64,3,3,23
2009,69067,64,4,4,32
2009,69067,64,5,5,31
2009,69067,64,6,6,16
2009,69067,64,7,7,27
2009,69067,64,8,8,19
2009,69067,64,9,9,26
2009,69067,64,10,10,18
2009,69067,64,11,11,31
2009,69067,64,12,12,39
2009,69067,64,13,13,20
2009,69067,64,14,14,40
2009,69067,64,15,15,27
2009,69067,64,16,16,30
2009,69067,64,17,17,33
2009,69067,64,18,18,18
2009,69067,64,19,19,3
2009,69067,64,20,20,17
2009,69067,64,21,21,2
2009,69067,64,22,22,16
2009,69067,64,23,23,30
2009,69067,64,24,24,18
2009,69067,64,25,25,38
2009,69067,65,1,1,8
2009,69067,65,2,2,3
2009,69067,65,3,3,4
2009,69067,65,4,4,1
2009,69067,65,5,5,9
2009,69067,65,6,6,13
2009,69067,65,7,7,5
2009,69067,65,8,8,1
2009,69067,65,9,9,1
2009,69067,65,10,10,
2009,69067,65,11,11,7
2009,69067,65,12,12,1
2009,69067,65,13,13,3
2009,69067,65,14,14,2
2009,69067,65,15,15,1
2009,69067,65,16,16,4
2009,69067,65,17,17,
2009,69067,65,18,18,1
2009,69067,65,19,19,6
2009,69067,65,20,20,5
2009,69067,65,21,21,4
2009,69067,65,22,22,9
2009,69067,65,23,23,3
2009,69067,65,24,24,
2009,69067,65,25,25,13
2009,69067,66,1,1,10
2009,69067,66,2,2,23
2009,69067,66,3,3,28
2009,69067,66,4,4,36
2009,69067,66,5,5,23
2009,69067,66,6,6,29
2009,69067,66,7,7,31
2009,69067,66,8,8,33
2009,69067,66,9,9,58
2009,69067,66,10,10,29
2009,69067,66,11,11,28
2009,69067,66,12,12,45
2009,69067,66,13,13,29
2009,69067,66,14,14,43
2009,69067,66,15,15,25
2009,69067,66,16,16,18
2009,69067,66,17,17,26
2009,69067,66,18,18,18
2009,69067,66,19,19,41
2009,69067,66,20,20,37
2009,69067,66,21,21,37
2009,69067,66,22,22,34
2009,69067,66,23,23,35
2009,69067,66,24,24,
2009,69067,66,25,25,11
2009,69067,67,1,1,3
2009,69067,67,2,2,3
2009,69067,67,3,3,5
2009,69067,67,4,4,7
2009,69067,67,5,5,2
2009,69067,67,6,6,8
2009,69067,67,7,7,5
2009,69067,67,8,8,5
2009,69067,67,9,9,9
2009,69067,67,10,10,
2009,69067,67,11,11,10
2009,69067,67,12,12,1
2009,69067,67,13,13,
2009,69067,67,14,14,4
2009,69067,67,15,15,5
2009,69067,67,16,16,3
2009,69067,67,17,17,
2009,69067,67,18,18,2
2009,69067,67,19,19,2
2009,69067,67,20,20,5
2009,69067,67,21,21,14
2009,69067,67,22,22,
2009,69067,67,23,23,3
2009,69067,67,24,24,
2009,69067,67,25,25,3
2009,69067,68,1,1,16
2009,69067,68,2,2,6
2009,69067,68,3,3,22
2009,69067,68,4,4,7
2009,69067,68,5,5,2
2009,69067,68,6,6,31
2009,69067,68,7,7,14
2009,69067,68,8,8,1
2009,69067,68,9,9,14
2009,69067,68,10,10,5
2009,69067,68,11,11,8
2009,69067,68,12,12,37
2009,69067,68,13,13,38
2009,69067,68,14,14,18
2009,69067,68,15,15,20
2009,69067,68,16,16,4
2009,69067,68,17,17,33
2009,69067,68,18,18,10
2009,69067,68,19,19,5
2009,69067,68,20,20,
2009,69067,68,21,21,18
2009,69067,68,22,22,22
2009,69067,68,23,23,11
2009,69067,68,24,24,14
2009,69067,68,25,25,18
2009,69067,69,1,1,16
2009,69067,69,2,2,4
2009,69067,69,3,3,14
2009,69067,69,4,4,9
2009,69067,69,5,5,
2009,69067,69,6,6,5
2009,69067,69,7,7,
2009,69067,69,8,8,3
2009,69067,69,9,9,1
2009,69067,69,10,10,4
2009,69067,69,11,11,10
2009,69067,69,12,12,
2009,69067,69,13,13,
2009,69067,69,14,14,2
2009,69067,69,15,15,10
2009,69067,69,16,16,10
2009,69067,69,17,17,11
2009,69067,69,18,18,9
2009,69067,69,19,19,11
2009,69067,69,20,20,16
2009,69067,69,21,21,2
2009,69067,69,22,22,7
2009,69067,69,23,23,3
2009,69067,69,24,24,7
2009,69067,69,25,25,5
2009,69067,70,1,1,
2009,69067,70,2,2,
2009,69067,70,3,3,6
2009,69067,70,4,4,7
2009,69067,70,5,5,3
2009,69067,70,6,6,1
2009,69067,70,7,7,1
2009,69067,70,8,8,7
2009,69067,70,9,9,5
2009,69067,70,10,10,16
2009,69067,70,11,11,3
2009,69067,70,12,12,3
2009,69067,70,13,13,6
2009,69067,70,14,14,8
2009,69067,70,15,15,6
2009,69067,70,16,16,6
2009,69067,70,17,17,11
2009,69067,70,18,18,
2009,69067,70,19,19,1
2009,69067,70,20,20,
2009,69067,70,21,21,2
2009,69067,70,22,22,10
2009,69067,70,23,23,1
2009,69067,70,24,24,9
2009,69067,70,25,25,11
2009,69067,71,1,1,22
2009,69067,71,2,2,11
2009,69067,71,3,3,17
2009,69067,71,4,4,10
2009,69067,71,5,5,44
2009,69067,71,6,6,30
2009,69067,71,7,7,23
2009,69067,71,8,8,13
2009,69067,71,9,9,20
2009,69067,71,10,10,20
2009,69067,71,11,11,14
2009,69067,71,12,12,33
2009,69067,71,13,13,17
2009,69067,71,14,14,19
2009,69067,71,15,15,29
2009,69067,71,16,16,24
2009,69067,71,17,17,11
2009,69067,71,18,18,13
2009,69067,71,19,19,5
2009,69067,71,20,20,
2009,69067,71,21,21,16
2009,69067,71,22,22,1
2009,69067,71,23,23,4
2009,69067,71,24,24,14
2009,69067,71,25,25,22
2009,69067,72,1,1,6
2009,69067,72,2,2,11
2009,69067,72,3,3,
2009,69067,72,4,4,7
2009,69067,72,5,5,16
2009,69067,72,6,6,9
2009,69067,72,7,7,11
2009,69067,72,8,8,
2009,69067,72,9,9,1
2009,69067,72,10,10,
2009,69067,72,11,11,3
2009,69067,72,12,12,7
2009,69067,72,13,13,10
2009,69067,72,14,14,6
2009,69067,72,15,15,1
2009,69067,72,16,16,5
2009,69067,72,17,17,3
2009,69067,72,18,18,2
2009,69067,72,19,19,8
2009,69067,72,20,20,8
2009,69067,72,21,21,11
2009,69067,72,22,22,1
2009,69067,72,23,23,7
2009,69067,72,24,24,7
2009,69067,72,25,25,8
2009,69067,73,1,1,2
2009,69067,73,2,2,2
2009,69067,73,3,3,2
2009,69067,73,4,4,2
2009,69067,73,5,5,3
2009,69067,73,6,6,5
2009,69067,73,7,7,1
2009,69067,73,8,8,
2009,69067,73,9,9,7
2009,69067,73,10,10,
2009,69067,73,11,11,2
2009,69067,73,12,12,
2009,69067,73,13,13,10
2009,69067,73,14,14,1
2009,69067,73,15,15,
2009,69067,73,16,16,
2009,69067,73,17,17,
2009,69067,73,18,18,
2009,69067,73,19,19,
2009,69067,73,20,20,
2009,69067,73,21,21,1
2009,69067,73,22,22,1
2009,69067,73,23,23,
2009,69067,73,24,24,1
2009,69067,73,25,25,3
2009,69067,74,1,1,6
2009,69067,74,2,2,5
2009,69067,74,3,3,3
2009,69067,74,4,4,3
2009,69067,74,5,5,19
2009,69067,74,6,6,15
2009,69067,74,7,7,4
2009,69067,74,8,8,6
2009,69067,74,9,9,8
2009,69067,74,10,10,16
2009,69067,74,11,11,4
2009,69067,74,12,12,15
2009,69067,74,13,13,10
2009,69067,74,14,14,8
2009,69067,74,15,15,7
2009,69067,74,16,16,2
2009,69067,74,17,17,14
2009,69067,74,18,18,3
2009,69067,74,19,19,3
2009,69067,74,20,20,2
2009,69067,74,21,21,17
2009,69067,74,22,22,15
2009,69067,74,23,23,4
2009,69067,74,24,24,2
2009,69067,74,25,25,7
2009,69067,75,1,1,14
2009,69067,75,2,2,13
2009,69067,75,3,3,16
2009,69067,75,4,4,23
2009,69067,75,5,5,12
2009,69067,75,6,6,9
2009,69067,75,7,7,17
2009,69067,75,8,8,22
2009,69067,75,9,9,12
2009,69067,75,10,10,17
2009,69067,75,11,11,26
2009,69067,75,12,12,22
2009,69067,75,13,13,16
2009,69067,75,14,14,16
2009,69067,75,15,15,18
2009,69067,75,16,16,12
2009,69067,75,17,17,7
2009,69067,75,18,18,22
2009,69067,75,19,19,17
2009,69067,75,20,20,12
2009,69067,75,21,21,17
2009,69067,75,22,22,7
2009,69067,75,23,23,10
2009,69067,75,24,24,18
2009,69067,75,25,25,9
2009,69067,76,1,1,
2009,69067,76,2,2,1
2009,69067,76,3,3,6
2009,69067,76,4,4,1
2009,69067,76,5,5,18
2009,69067,76,6,6,
2009,69067,76,7,7,
2009,69067,76,8,8,15
2009,69067,76,9,9,3
2009,69067,76,10,10,3
2009,69067,76,11,11,11
2009,69067,76,12,12,7
2009,69067,76,13,13,10
2009,69067,76,14,14,8
2009,69067,76,15,15,6
2009,69067,76,16,16,16
2009,69067,76,17,17,12
2009,69067,76,18,18,13
2009,69067,76,19,19,10
2009,69067,76,20,20,5
2009,69067,76,21,21,7
2009,69067,76,22,22,10
2009,69067,76,23,23,11
2009,69067,76,24,24,3
2009,69067,76,25,25,
2009,69067,77,1,1,4
2009,69067,77,2,2,
2009,69067,77,3,3,7
2009,69067,77,4,4,2
2009,69067,77,5,5,
2009,69067,77,6,6,1
2009,69067,77,7,7,3
2009,69067,77,8,8,1
2009,69067,77,9,9,2
2009,69067,77,10,10,11
2009,69067,77,11,11,6
2009,69067,77,12,12,3
2009,69067,77,13,13,4
2009,69067,77,14,14,11
2009,69067,77,15,15,18
2009,69067,77,16,16,1
2009,69067,77,17,17,1
2009,69067,77,18,18,6
2009,69067,77,19,19,12
2009,69067,77,20,20,2
2009,69067,77,21,21,4
2009,69067,77,22,22,
2009,69067,77,23,23,6
2009,69067,77,24,24,1
2009,69067,77,25,25,3
2009,69067,78,1,1,3
2009,69067,78,2,2,1
2009,69067,78,3,3,1
2009,69067,78,4,4,1
2009,69067,78,5,5,3
2009,69067,78,6,6,3
2009,69067,78,7,7,2
2009,69067,78,8,8,2
2009,69067,78,9,9,3
2009,69067,78,10,10,2
2009,69067,78,11,11,4
2009,69067,78,12,12,3
2009,69067,78,13,13,4
2009,69067,78,14,14,2
2009,69067,78,15,15,4
2009,69067,78,16,16,2
2009,69067,78,17,17,7
2009,69067,78,18,18,6
2009,69067,78,19,19,9
2009,69067,78,20,20,10
2009,69067,78,21,21,3
2009,69067,78,22,22,2
2009,69067,78,23,23,
2009,69067,78,24,24,2
2009,69067,78,25,25,2
2009,69067,79,1,1,4
2009,69067,79,2,2,
2009,69067,79,3,3,5
2009,69067,79,4,4,1
2009,69067,79,5,5,7
2009,69067,79,6,6,1
2009,69067,79,7,7,
2009,69067,79,8,8,2
2009,69067,79,9,9,1
2009,69067,79,10,10,10
2009,69067,79,11,11,31
2009,69067,79,12,12,1
2009,69067,79,13,13,1
2009,69067,79,14,14,1
2009,69067,79,15,15,3
2009,69067,79,16,16,1
2009,69067,79,17,17,
2009,69067,79,18,18,3
2009,69067,79,19,19,3
2009,69067,79,20,20,4
2009,69067,79,21,21,
2009,69067,79,22,22,
2009,69067,79,23,23,4
2009,69067,79,24,24,
2009,69067,79,25,25,
2009,69067,80,1,1,7
2009,69067,80,2,2,9
2009,69067,80,3,3,10
2009,69067,80,4,4,7
2009,69067,80,5,5,9
2009,69067,80,6,6,4
2009,69067,80,7,7,5
2009,69067,80,8,8,9
2009,69067,80,9,9,8
2009,69067,80,10,10,4
2009,69067,80,11,11,11
2009,69067,80,12,12,6
2009,69067,80,13,13,4
2009,69067,80,14,14,4
2009,69067,80,15,15,
2009,69067,80,16,16,2
2009,69067,80,17,17,3
2009,69067,80,18,18,6
2009,69067,80,19,19,7
2009,69067,80,20,20,6
2009,69067,80,21,21,8
2009,69067,80,22,22,
2009,69067,80,23,23,3
2009,69067,80,24,24,3
2009,69067,80,25,25,5
2009,69067,81,1,1,13
2009,69067,81,2,2,6
2009,69067,81,3,3,15
2009,69067,81,4,4,6
2009,69067,81,5,5,21
2009,69067,81,6,6,13
2009,69067,81,7,7,8
2009,69067,81,8,8,6
2009,69067,81,9,9,6
2009,69067,81,10,10,21
2009,69067,81,11,11,6
2009,69067,81,12,12,7
2009,69067,81,13,13,9
2009,69067,81,14,14,5
2009,69067,81,15,15,24
2009,69067,81,16,16,23
2009,69067,81,17,17,9
2009,69067,81,18,18,21
2009,69067,81,19,19,20
2009,69067,81,20,20,18
2009,69067,81,21,21,20
2009,69067,81,22,22,20
2009,69067,81,23,23,24
2009,69067,81,24,24,10
2009,69067,81,25,25,9
2009,69067,82,1,1,2
2009,69067,82,2,2,5
2009,69067,82,3,3,6
2009,69067,82,4,4,4
2009,69067,82,5,5,9
2009,69067,82,6,6,10
2009,69067,82,7,7,9
2009,69067,82,8,8,
2009,69067,82,9,9,6
2009,69067,82,10,10,6
2009,69067,82,11,11,6
2009,69067,82,12,12,12
2009,69067,82,13,13,6
2009,69067,82,14,14,18
2009,69067,82,15,15,14
2009,69067,82,16,16,5
2009,69067,82,17,17,10
2009,69067,82,18,18,5
2009,69067,82,19,19,6
2009,69067,82,20,20,5
2009,69067,82,21,21,7
2009,69067,82,22,22,11
2009,69067,82,23,23,10
2009,69067,82,24,24,9
2009,69067,82,25,25,6
2009,69067,83,1,1,14
2009,69067,83,2,2,9
2009,69067,83,3,3,24
2009,69067,83,4,4,23
2009,69067,83,5,5,28
2009,69067,83,6,6,5
2009,69067,83,7,7,
2009,69067,83,8,8,13
2009,69067,83,9,9,11
2009,69067,83,10,10,21
2009,69067,83,11,11,14
2009,69067,83,12,12,35
2009,69067,83,13,13,19
2009,69067,83,14,14,28
2009,69067,83,15,15,8
2009,69067,83,16,16,5
2009,69067,83,17,17,15
2009,69067,83,18,18,11
2009,69067,83,19,19,13
2009,69067,83,20,20,3
2009,69067,83,21,21,10
2009,69067,83,22,22,8
2009,69067,83,23,23,10
2009,69067,83,24,24,9
2009,69067,83,25,25,5
2009,69067,84,1,1,2
2009,69067,84,2,2,10
2009,69067,84,3,3,21
2009,69067,84,4,4,
2009,69067,84,5,5,1
2009,69067,84,6,6,3
2009,69067,84,7,7,3
2009,69067,84,8,8,1
2009,69067,84,9,9,2
2009,69067,84,10,10,
2009,69067,84,11,11,
2009,69067,84,12,12,9
2009,69067,84,13,13,3
2009,69067,84,14,14,
2009,69067,84,15,15,
2009,69067,84,16,16,4
2009,69067,84,17,17,5
2009,69067,84,18,18,10
2009,69067,84,19,19,
2009,69067,84,20,20,4
2009,69067,84,21,21,1
2009,69067,84,22,22,1
2009,69067,84,23,23,2
2009,69067,84,24,24,1
2009,69067,84,25,25,2
2009,69067,85,1,1,8
2009,69067,85,2,2,5
2009,69067,85,3,3,6
2009,69067,85,4,4,8
2009,69067,85,5,5,2
2009,69067,85,6,6,8
2009,69067,85,7,7,15
2009,69067,85,8,8,3
2009,69067,85,9,9,26
2009,69067,85,10,10,6
2009,69067,85,11,11,14
2009,69067,85,12,12,
2009,69067,85,13,13,16
2009,69067,85,14,14,3
2009,69067,85,15,15,6
2009,69067,85,16,16,18
2009,69067,85,17,17,14
2009,69067,85,18,18,12
2009,69067,85,19,19,25
2009,69067,85,20,20,5
2009,69067,85,21,21,11
2009,69067,85,22,22,5
2009,69067,85,23,23,4
2009,69067,85,24,24,
2009,69067,86,1,1,1
2009,69067,86,2,2,
2009,69067,86,3,3,
2009,69067,86,4,4,4
2009,69067,86,5,5,1
2009,69067,86,6,6,1
2009,69067,86,7,7,1
2009,69067,86,8,8,
2009,69067,86,9,9,3
2009,69067,86,10,10,3
2009,69067,86,11,11,4
2009,69067,86,12,12,5
2009,69067,86,13,13,16
2009,69067,86,14,14,1
2009,69067,86,15,15,7
2009,69067,86,16,16,5
2009,69067,86,17,17,11
2009,69067,86,18,18,6
2009,69067,86,19,19,14
2009,69067,86,20,20,11
2009,69067,86,21,21,25
2009,69067,86,22,22,7
2009,69067,86,23,23,6
2009,69067,86,24,24,6
2009,69067,86,25,25,5
2009,69067,87,1,1,
2009,69067,87,2,2,1
2009,69067,87,3,3,7
2009,69067,87,4,4,1
2009,69067,87,5,5,15
2009,69067,87,6,6,3
2009,69067,87,7,7,11
2009,69067,87,8,8,14
2009,69067,87,9,9,11
2009,69067,87,10,10,1
2009,69067,87,11,11,6
2009,69067,87,12,12,2
2009,69067,87,13,13,
2009,69067,87,14,14,
2009,69067,87,15,15,
2009,69067,87,16,16,1
2009,69067,87,17,17,4
2009,69067,87,18,18,
2009,69067,87,19,19,
2009,69067,87,20,20,
2009,69067,87,21,21,1
2009,69067,87,22,22,
2009,69067,87,23,23,
2009,69067,87,24,24,
2009,69067,87,25,25,1
2009,69067,88,1,1,1
2009,69067,88,2,2,1
2009,69067,88,3,3,1
2009,69067,88,4,4,8
2009,69067,88,5,5,13
2009,69067,88,6,6,5
2009,69067,88,7,7,
2009,69067,88,8,8,5
2009,69067,88,9,9,6
2009,69067,88,10,10,
2009,69067,88,11,11,10
2009,69067,88,12,12,5
2009,69067,88,13,13,11
2009,69067,88,14,14,8
2009,69067,88,15,15,
2009,69067,88,16,16,10
2009,69067,88,17,17,4
2009,69067,88,18,18,2
2009,69067,88,19,19,1
2009,69067,88,20,20,2
2009,69067,88,21,21,2
2009,69067,88,22,22,1
2009,69067,88,23,23,2
2009,69067,88,24,24,3
2009,69067,88,25,25,1
2009,69067,89,1,1,
2009,69067,89,2,2,4
2009,69067,89,3,3,10
2009,69067,89,4,4,
2009,69067,89,5,5,2
2009,69067,89,6,6,5
2009,69067,89,7,7,5
2009,69067,89,8,8,3
2009,69067,89,9,9,
2009,69067,89,10,10,3
2009,69067,89,11,11,6
2009,69067,89,12,12,1
2009,69067,89,13,13,16
2009,69067,89,14,14,12
2009,69067,89,15,15,22
2009,69067,89,16,16,29
2009,69067,89,17,17,19
2009,69067,89,18,18,20
2009,69067,89,19,19,10
2009,69067,89,20,20,13
2009,69067,89,21,21,
2009,69067,89,22,22,
2009,69067,89,23,23,
2009,69067,89,24,24,2
2009,69067,89,25,25,3
2009,69067,90,1,1,
2009,69067,90,2,2,
2009,69067,90,3,3,
2009,69067,90,4,4,3
2009,69067,90,5,5,3
2009,69067,90,6,6,1
2009,69067,90,7,7,1
2009,69067,90,8,8,
2009,69067,90,9,9,1
2009,69067,90,10,10,3
2009,69067,90,11,11,1
2009,69067,90,12,12,
2009,69067,90,13,13,
2009,69067,90,14,14,2
2009,69067,90,15,15,
2009,69067,90,16,16,
2009,69067,90,17,17,
2009,69067,90,18,18,
2009,69067,90,19,19,2
2009,69067,90,20,20,
2009,69067,90,21,21,
2009,69067,90,22,22,
2009,69067,90,23,23,1
2009,69067,90,24,24,
2009,69067,90,25,25,1
2009,69067,91,1,1,1
2009,69067,91,2,2,10
2009,69067,91,3,3,3
2009,69067,91,4,4,1
2009,69067,91,5,5,5
2009,69067,91,6,6,1
2009,69067,91,7,7,2
2009,69067,91,8,8,1
2009,69067,91,9,9,
2009,69067,91,10,10,2
2009,69067,91,11,11,2
2009,69067,91,12,12,
2009,69067,91,13,13,7
2009,69067,91,14,14,
2009,69067,91,15,15,
2009,69067,91,16,16,
2009,69067,91,17,17,
2009,69067,91,18,18,
2009,69067,91,19,19,
2009,69067,91,20,20,1
2009,69067,91,21,21,1
2009,69067,91,22,22,
2009,69067,91,23,23,
2009,69067,91,24,24,
2009,69067,91,25,25,
2009,69067,92,1,1,
2009,69067,92,2,2,1
2009,69067,92,3,3,
2009,69067,92,4,4,
2009,69067,92,5,5,
2009,69067,92,6,6,
2009,69067,92,7,7,
2009,69067,92,8,8,
2009,69067,92,9,9,3
2009,69067,92,10,10,2
2009,69067,92,11,11,
2009,69067,92,12,12,1
2009,69067,92,13,13,2
2009,69067,92,14,14,
2009,69067,92,15,15,9
2009,69067,92,16,16,
2009,69067,92,17,17,
2009,69067,92,18,18,
2009,69067,92,19,19,1
2009,69067,92,20,20,1
2009,69067,92,21,21,
2009,69067,92,22,22,
2009,69067,92,23,23,1
2009,69067,92,24,24,4
2009,69067,92,25,25,
2009,69067,93,1,1,
2009,69067,93,2,2,1
2009,69067,93,3,3,
2009,69067,93,4,4,
2009,69067,93,5,5,
2009,69067,93,6,6,
2009,69067,93,7,7,
2009,69067,93,8,8,1
2009,69067,93,9,9,
2009,69067,93,10,10,2
2009,69067,93,11,11,
2009,69067,93,12,12,
2009,69067,93,13,13,
2009,69067,93,14,14,
2009,69067,93,15,15,1
2009,69067,93,16,16,1
2009,69067,93,17,17,1
2009,69067,93,18,18,
2009,69067,93,19,19,
2009,69067,93,20,20,
2009,69067,93,21,21,
2009,69067,93,22,22,
2009,69067,93,23,23,2
2009,69067,93,24,24,
2009,69067,93,25,25,
2009,69067,94,1,1,
2009,69067,94,2,2,
2009,69067,94,3,3,7
2009,69067,94,4,4,6
2009,69067,94,5,5,11
2009,69067,94,6,6,
2009,69067,94,7,7,3
2009,69067,94,8,8,
2009,69067,94,9,9,
2009,69067,94,10,10,
2009,69067,94,11,11,10
2009,69067,94,12,12,
2009,69067,94,13,13,3
2009,69067,94,14,14,6
2009,69067,94,15,15,
2009,69067,94,16,16,4
2009,69067,94,17,17,1
2009,69067,94,18,18,
2009,69067,94,19,19,2
2009,69067,94,20,20,1
2009,69067,94,21,21,4
2009,69067,94,22,22,13
2009,69067,94,23,23,
2009,69067,94,24,24,1
2009,69067,94,25,25,1
2009,69067,95,1,1,
2009,69067,95,2,2,18
2009,69067,95,3,3,7
2009,69067,95,4,4,11
2009,69067,95,5,5,11
2009,69067,95,6,6,7
2009,69067,95,7,7,6
2009,69067,95,8,8,2
2009,69067,95,9,9,1
2009,69067,95,10,10,
2009,69067,95,11,11,
2009,69067,95,12,12,16
2009,69067,95,13,13,2
2009,69067,95,14,14,8
2009,69067,95,15,15,8
2009,69067,95,16,16,5
2009,69067,95,17,17,7
2009,69067,95,18,18,8
2009,69067,95,19,19,2
2009,69067,95,20,20,7
2009,69067,95,21,21,1
2009,69067,95,22,22,10
2009,69067,95,23,23,
2009,69067,95,24,24,5
2009,69067,95,25,25,1
2009,69067,96,1,1,1
2009,69067,96,2,2,1
2009,69067,96,3,3,2
2009,69067,96,4,4,16
2009,69067,96,5,5,8
2009,69067,96,6,6,5
2009,69067,96,7,7,
2009,69067,96,8,8,9
2009,69067,96,9,9,2
2009,69067,96,10,10,6
2009,69067,96,11,11,9
2009,69067,96,12,12,8
2009,69067,96,13,13,
2009,69067,96,14,14,6
2009,69067,96,15,15,4
2009,69067,96,16,16,4
2009,69067,96,17,17,1
2009,69067,96,18,18,2
2009,69067,96,19,19,9
2009,69067,96,20,20,2
2009,69067,96,21,21,3
2009,69067,96,22,22,6
2009,69067,96,23,23,4
2009,69067,96,24,24,6
2009,69067,96,25,25,9
2009,69067,97,1,1,10
2009,69067,97,2,2,4
2009,69067,97,3,3,6
2009,69067,97,4,4,13
2009,69067,97,5,5,10
2009,69067,97,6,6,13
2009,69067,97,7,7,15
2009,69067,97,8,8,1
2009,69067,97,9,9,18
2009,69067,97,10,10,18
2009,69067,97,11,11,15
2009,69067,97,12,12,16
2009,69067,97,13,13,2
2009,69067,97,14,14,8
2009,69067,97,15,15,12
2009,69067,97,16,16,18
2009,69067,97,17,17,6
2009,69067,97,18,18,16
2009,69067,97,19,19,16
2009,69067,97,20,20,4
2009,69067,97,21,21,16
2009,69067,97,22,22,7
2009,69067,97,23,23,18
2009,69067,97,24,24,2
2009,69067,98,1,1,2
2009,69067,98,2,2,8
2009,69067,98,3,3,
2009,69067,98,4,4,1
2009,69067,98,5,5,1
2009,69067,98,6,6,
2009,69067,98,7,7,1
2009,69067,98,8,8,2
2009,69067,98,9,9,2
2009,69067,98,10,10,5
2009,69067,98,11,11,5
2009,69067,98,12,12,2
2009,69067,98,13,13,
2009,69067,98,14,14,
2009,69067,98,15,15,6
2009,69067,98,16,16,
2009,69067,98,17,17,
2009,69067,98,18,18,21
2009,69067,98,19,19,4
2009,69067,98,20,20,5
2009,69067,98,21,21,4
2009,69067,98,22,22,2
2009,69067,98,23,23,4
2009,69067,98,24,24,5
2009,69067,98,25,25,2
2009,69067,99,1,1,2
2009,69067,99,2,2,11
2009,69067,99,3,3,2
2009,69067,99,4,4,2
2009,69067,99,5,5,4
2009,69067,99,6,6,3
2009,69067,99,7,7,1
2009,69067,99,8,8,2
2009,69067,99,9,9,3
2009,69067,99,10,10,5
2009,69067,99,11,11,3
2009,69067,99,12,12,4
2009,69067,99,13,13,3
2009,69067,99,14,14,2
2009,69067,99,15,15,1
2009,69067,99,16,16,3
2009,69067,99,17,17,4
2009,69067,99,18,18,6
2009,69067,99,19,19,4
2009,69067,99,20,20,5
2009,69067,99,21,21,7
2009,69067,99,22,22,6
2009,69067,99,23,23,4
2009,69067,99,24,24,3
2009,69067,99,25,25,5
2009,69067,100,1,1,
2009,69067,100,2,2,
2009,69067,100,3,3,
2009,69067,100,4,4,2
2009,69067,100,5,5,
2009,69067,100,6,6,1
2009,69067,100,7,7,
2009,69067,100,8,8,
2009,69067,100,9,9,
2009,69067,100,10,10,
2009,69067,100,11,11,
2009,69067,100,12,12,
2009,69067,100,13,13,
2009,69067,100,14,14,
2009,69067,100,15,15,
2009,69067,100,16,16,
2009,69067,100,17,17,
2009,69067,100,18,18,
2009,69067,100,19,19,
2009,69067,100,20,20,
2009,69067,100,21,21,
2009,69067,100,22,22,1
2009,69067,100,23,23,
2009,69067,100,24,24,
2009,69067,100,25,25,2
2009,69067,101,1,1,15
2009,69067,101,2,2,2
2009,69067,101,3,3,4
2009,69067,101,4,4,1
2009,69067,101,5,5,1
2009,69067,101,6,6,6
2009,69067,101,7,7,5
2009,69067,101,8,8,4
2009,69067,101,9,9,
2009,69067,101,10,10,2
2009,69067,101,11,11,11
2009,69067,101,12,12,4
2009,69067,101,13,13,5
2009,69067,101,14,14,1
2009,69067,101,15,15,7
2009,69067,101,16,16,
2009,69067,101,17,17,5
2009,69067,101,18,18,1
2009,69067,101,19,19,2
2009,69067,101,20,20,3
2009,69067,101,21,21,1
2009,69067,101,22,22,4
2009,69067,101,23,23,3
2009,69067,101,24,24,1
2009,69067,101,25,25,
2009,69067,102,1,1,
2009,69067,102,2,2,1
2009,69067,102,3,3,4
2009,69067,102,4,4,2
2009,69067,102,5,5,9
2009,69067,102,6,6,2
2009,69067,102,7,7,2
2009,69067,102,8,8,1
2009,69067,102,9,9,
2009,69067,102,10,10,2
2009,69067,102,11,11,2
2009,69067,102,12,12,2
2009,69067,102,13,13,1
2009,69067,102,14,14,
2009,69067,102,15,15,
2009,69067,102,16,16,1
2009,69067,102,17,17,1
2009,69067,102,18,18,
2009,69067,102,19,19,
2009,69067,102,20,20,2
2009,69067,102,21,21,
2009,69067,102,22,22,13
2009,69067,102,23,23,3
2009,69067,102,24,24,2
2009,69067,102,25,25,
2009,69067,103,1,1,3
2009,69067,103,2,2,
2009,69067,103,3,3,3
2009,69067,103,4,4,1
2009,69067,103,5,5,
2009,69067,103,6,6,2
2009,69067,103,7,7,1
2009,69067,103,8,8,1
2009,69067,103,9,9,1
2009,69067,103,10,10,
2009,69067,103,11,11,1
2009,69067,103,12,12,
2009,69067,103,13,13,1
2009,69067,103,14,14,1
2009,69067,103,15,15,
2009,69067,103,16,16,
2009,69067,103,17,17,1
2009,69067,103,18,18,6
2009,69067,103,19,19,
2009,69067,103,20,20,1
2009,69067,103,21,21,3
2009,69067,103,22,22,
2009,69067,103,23,23,2
2009,69067,103,24,24,
2009,69067,103,25,25,
2009,69067,104,1,1,
2009,69067,104,2,2,1
2009,69067,104,3,3,1
2009,69067,104,4,4,
2009,69067,104,5,5,
2009,69067,104,6,6,
2009,69067,104,7,7,
2009,69067,104,8,8,
2009,69067,104,9,9,2
2009,69067,104,10,10,
2009,69067,104,11,11,
2009,69067,104,12,12,
2009,69067,104,13,13,
2009,69067,104,14,14,
2009,69067,104,15,15,
2009,69067,104,16,16,
2009,69067,104,17,17,
2009,69067,104,18,18,
2009,69067,104,19,19,
2009,69067,104,20,20,
2009,69067,104,21,21,1
2009,69067,104,22,22,
2009,69067,104,23,23,1
2009,69067,104,24,24,
2009,69067,104,25,25,
2009,69067,105,1,1,5
2009,69067,105,2,2,1
2009,69067,105,3,3,2
2009,69067,105,4,4,3
2009,69067,105,5,5,6
2009,69067,105,6,6,5
2009,69067,105,7,7,
2009,69067,105,8,8,4
2009,69067,105,9,9,6
2009,69067,105,10,10,
2009,69067,105,11,11,
2009,69067,105,12,12,
2009,69067,105,13,13,1
2009,69067,105,14,14,
2009,69067,105,15,15,
2009,69067,105,16,16,2
2009,69067,105,17,17,2
2009,69067,105,18,18,
2009,69067,105,19,19,2
2009,69067,105,20,20,1
2009,69067,105,21,21,
2009,69067,105,22,22,
2009,69067,105,23,23,
2009,69067,105,24,24,1
2009,69067,105,25,25,1
2009,69067,106,1,1,9
2009,69067,106,2,2,6
2009,69067,106,3,3,2
2009,69067,106,4,4,13
2009,69067,106,5,5,7
2009,69067,106,6,6,3
2009,69067,106,7,7,2
2009,69067,106,8,8,1
2009,69067,106,9,9,1
2009,69067,106,10,10,3
2009,69067,106,11,11,5
2009,69067,106,12,12,11
2009,69067,106,13,13,
2009,69067,106,14,14,2
2009,69067,106,15,15,3
2009,69067,106,16,16,6
2009,69067,106,17,17,1
2009,69067,106,18,18,9
2009,69067,106,19,19,
2009,69067,106,20,20,4
2009,69067,106,21,21,
2009,69067,106,22,22,1
2009,69067,106,23,23,2
2009,69067,106,24,24,
2009,69067,106,25,25,1
2009,69067,107,1,1,2
2009,69067,107,2,2,1
2009,69067,107,3,3,2
2009,69067,107,4,4,2
2009,69067,107,5,5,
2009,69067,107,6,6,3
2009,69067,107,7,7,4
2009,69067,107,8,8,
2009,69067,107,9,9,
2009,69067,107,10,10,
2009,69067,107,11,11,2
2009,69067,107,12,12,3
2009,69067,107,13,13,
2009,69067,107,14,14,
2009,69067,107,15,15,5
2009,69067,107,16,16,4
2009,69067,107,17,17,4
2009,69067,107,18,18,3
2009,69067,107,19,19,7
2009,69067,107,20,20,1
2009,69067,107,21,21,3
2009,69067,107,22,22,3
2009,69067,107,23,23,1
2009,69067,107,24,24,
2009,69067,107,25,25,
2009,69067,108,1,1,
2009,69067,108,2,2,
2009,69067,108,3,3,
2009,69067,108,4,4,
2009,69067,108,5,5,1
2009,69067,108,6,6,1
2009,69067,108,7,7,
2009,69067,108,8,8,
2009,69067,108,9,9,
2009,69067,108,10,10,
2009,69067,108,11,11,
2009,69067,108,12,12,
2009,69067,108,13,13,
2009,69067,108,14,14,
2009,69067,108,15,15,
2009,69067,108,16,16,
2009,69067,108,17,17,
2009,69067,108,18,18,
2009,69067,108,19,19,
2009,69067,108,20,20,
2009,69067,108,21,21,
2009,69067,108,22,22,
2009,69067,108,23,23,
2009,69067,108,24,24,
2009,69067,108,25,25,
2009,69067,109,1,1,16
2009,69067,109,2,2,7
2009,69067,109,3,3,18
2009,69067,109,4,4,17
2009,69067,109,5,5,11
2009,69067,109,6,6,12
2009,69067,109,7,7,9
2009,69067,109,8,8,7
2009,69067,109,9,9,6
2009,69067,109,10,10,12
2009,69067,109,11,11,18
2009,69067,109,12,12,12
2009,69067,109,13,13,3
2009,69067,109,14,14,11
2009,69067,109,15,15,3
2009,69067,109,16,16,12
2009,69067,109,17,17,10
2009,69067,109,18,18,5
2009,69067,109,19,19,11
2009,69067,109,20,20,4
2009,69067,109,21,21,2
2009,69067,109,22,22,9
2009,69067,109,23,23,18
2009,69067,109,24,24,8
2009,69067,109,25,25,14
2009,69067,110,1,1,
2009,69067,110,2,2,
2009,69067,110,3,3,
2009,69067,110,4,4,
2009,69067,110,5,5,4
2009,69067,110,6,6,3
2009,69067,110,7,7,2
2009,69067,110,8,8,19
2009,69067,110,9,9,
2009,69067,110,10,10,
2009,69067,110,11,11,3
2009,69067,110,12,12,2
2009,69067,110,13,13,
2009,69067,110,14,14,1
2009,69067,110,15,15,1
2009,69067,110,16,16,
2009,69067,110,17,17,
2009,69067,110,18,18,
2009,69067,110,19,19,4
2009,69067,110,20,20,2
2009,69067,110,21,21,1
2009,69067,110,22,22,3
2009,69067,110,23,23,4
2009,69067,110,24,24,1
2009,69067,110,25,25,
2009,69067,111,1,1,14
2009,69067,111,2,2,13
2009,69067,111,3,3,10
2009,69067,111,4,4,8
2009,69067,111,5,5,2
2009,69067,111,6,6,13
2009,69067,111,7,7,10
2009,69067,111,8,8,5
2009,69067,111,9,9,8
2009,69067,111,10,10,12
2009,69067,111,11,11,8
2009,69067,111,12,12,15
2009,69067,111,13,13,11
2009,69067,111,14,14,12
2009,69067,111,15,15,6
2009,69067,111,16,16,10
2009,69067,111,17,17,8
2009,69067,111,18,18,4
2009,69067,111,19,19,5
2009,69067,111,20,20,6
2009,69067,111,21,21,4
2009,69067,111,22,22,1
2009,69067,111,23,23,9
2009,69067,111,24,24,4
2009,69067,111,25,25,4
2009,69067,112,1,1,30
2009,69067,112,2,2,1
2009,69067,112,3,3,4
2009,69067,112,4,4,2
2009,69067,112,5,5,1
2009,69067,112,6,6,
2009,69067,112,7,7,4
2009,69067,112,8,8,2
2009,69067,112,9,9,
2009,69067,112,10,10,
2009,69067,112,11,11,
2009,69067,112,12,12,3
2009,69067,112,13,13,2
2009,69067,112,14,14,8
2009,69067,112,15,15,1
2009,69067,112,16,16,1
2009,69067,112,17,17,1
2009,69067,112,18,18,
2009,69067,112,19,19,1
2009,69067,112,20,20,
2009,69067,112,21,21,5
2009,69067,112,22,22,1
2009,69067,112,23,23,
2009,69067,112,24,24,1
2009,69067,112,25,25,1
2009,69067,113,1,1,
2009,69067,113,2,2,
2009,69067,113,3,3,1
2009,69067,113,4,4,1
2009,69067,113,5,5,
2009,69067,113,6,6,
2009,69067,113,7,7,
2009,69067,113,8,8,
2009,69067,113,9,9,
2009,69067,113,10,10,3
2009,69067,113,11,11,
2009,69067,113,12,12,1
2009,69067,113,13,13,
2009,69067,113,14,14,
2009,69067,113,15,15,1
2009,69067,113,16,16,
2009,69067,113,17,17,
2009,69067,113,18,18,
2009,69067,113,19,19,1
2009,69067,113,20,20,
2009,69067,113,21,21,
2009,69067,113,22,22,
2009,69067,113,23,23,
2009,69067,113,24,24,
2009,69067,113,25,25,1
2009,69067,114,1,1,1
2009,69067,114,2,2,1
2009,69067,114,3,3,1
2009,69067,114,4,4,1
2009,69067,114,5,5,1
2009,69067,114,6,6,
2009,69067,114,7,7,
2009,69067,114,8,8,
2009,69067,114,9,9,
2009,69067,114,10,10,
2009,69067,114,11,11,1
2009,69067,114,12,12,
2009,69067,114,13,13,
2009,69067,114,14,14,
2009,69067,114,15,15,
2009,69067,114,16,16,
2009,69067,114,17,17,
2009,69067,114,18,18,
2009,69067,114,19,19,
2009,69067,114,20,20,
2009,69067,114,21,21,
2009,69067,114,22,22,
2009,69067,114,23,23,
2009,69067,114,24,24,
2009,69067,114,25,25,
2009,69067,115,1,1,
2009,69067,115,2,2,5
2009,69067,115,3,3,13
2009,69067,115,4,4,9
2009,69067,115,5,5,
2009,69067,115,6,6,5
2009,69067,115,7,7,3
2009,69067,115,8,8,18
2009,69067,115,9,9,1
2009,69067,115,10,10,5
2009,69067,115,11,11,6
2009,69067,115,12,12,2
2009,69067,115,13,13,12
2009,69067,115,14,14,6
2009,69067,115,15,15,1
2009,69067,115,16,16,
2009,69067,115,17,17,2
2009,69067,115,18,18,8
2009,69067,115,19,19,4
2009,69067,115,20,20,4
2009,69067,115,21,21,1
2009,69067,115,22,22,23
2009,69067,115,23,23,11
2009,69067,115,24,24,14
2009,69067,115,25,25,17
2009,69067,116,1,1,
2009,69067,116,2,2,
2009,69067,116,3,3,
2009,69067,116,4,4,4
2009,69067,116,5,5,4
2009,69067,116,6,6,7
2009,69067,116,7,7,
2009,69067,116,8,8,
2009,69067,116,9,9,
2009,69067,116,10,10,3
2009,69067,116,11,11,9
2009,69067,116,12,12,12
2009,69067,116,13,13,
2009,69067,116,14,14,4
2009,69067,116,15,15,16
2009,69067,116,16,16,3
2009,69067,116,17,17,15
2009,69067,116,18,18,6
2009,69067,116,19,19,8
2009,69067,116,20,20,2
2009,69067,116,21,21,4
2009,69067,116,22,22,8
2009,69067,116,23,23,12
2009,69067,116,24,24,
2009,69067,116,25,25,
2009,69067,117,1,1,2
2009,69067,117,2,2,
2009,69067,117,3,3,
2009,69067,117,4,4,5
2009,69067,117,5,5,6
2009,69067,117,6,6,
2009,69067,117,7,7,20
2009,69067,117,8,8,2
2009,69067,117,9,9,3
2009,69067,117,10,10,7
2009,69067,117,11,11,16
2009,69067,117,12,12,10
2009,69067,117,13,13,3
2009,69067,117,14,14,
2009,69067,117,15,15,7
2009,69067,117,16,16,
2009,69067,117,17,17,2
2009,69067,117,18,18,1
2009,69067,117,19,19,
2009,69067,117,20,20,1
2009,69067,117,21,21,
2009,69067,117,22,22,1
2009,69067,117,23,23,5
2009,69067,117,24,24,10
2009,69067,117,25,25,2
2009,69067,118,1,1,13
2009,69067,118,2,2,20
2009,69067,118,3,3,11
2009,69067,118,4,4,21
2009,69067,118,5,5,17
2009,69067,118,6,6,20
2009,69067,118,7,7,8
2009,69067,118,8,8,12
2009,69067,118,9,9,3
2009,69067,118,10,10,16
2009,69067,118,11,11,19
2009,69067,118,12,12,7
2009,69067,118,13,13,6
2009,69067,118,14,14,
2009,69067,118,15,15,6
2009,69067,118,16,16,13
2009,69067,118,17,17,9
2009,69067,118,18,18,8
2009,69067,118,19,19,2
2009,69067,118,20,20,9
2009,69067,118,21,21,
2009,69067,118,22,22,8
2009,69067,118,23,23,7
2009,69067,118,24,24,15
2009,69067,118,25,25,2
2009,69067,119,1,1,4
2009,69067,119,2,2,10
2009,69067,119,3,3,1
2009,69067,119,4,4,2
2009,69067,119,5,5,9
2009,69067,119,6,6,29
2009,69067,119,7,7,10
2009,69067,119,8,8,13
2009,69067,119,9,9,5
2009,69067,119,10,10,12
2009,69067,119,11,11,8
2009,69067,119,12,12,15
2009,69067,119,13,13,15
2009,69067,119,14,14,11
2009,69067,119,15,15,20
2009,69067,119,16,16,12
2009,69067,119,17,17,3
2009,69067,119,18,18,10
2009,69067,119,19,19,18
2009,69067,119,20,20,21
2009,69067,119,21,21,12
2009,69067,119,22,22,13
2009,69067,119,23,23,5
2009,69067,119,24,24,5
2009,69067,119,25,25,10
2009,69067,120,1,1,4
2009,69067,120,2,2,
2009,69067,120,3,3,
2009,69067,120,4,4,
2009,69067,120,5,5,1
2009,69067,120,6,6,
2009,69067,120,7,7,2
2009,69067,120,8,8,
2009,69067,120,9,9,
2009,69067,120,10,10,1
2009,69067,120,11,11,1
2009,69067,120,12,12,4
2009,69067,120,13,13,3
2009,69067,120,14,14,2
2009,69067,120,15,15,8
2009,69067,120,16,16,
2009,69067,120,17,17,2
2009,69067,120,18,18,
2009,69067,120,19,19,
2009,69067,120,20,20,
2009,69067,120,21,21,
2009,69067,120,22,22,
2009,69067,120,23,23,1
2009,69067,120,24,24,1
2009,69067,120,25,25,6
2009,69067,121,1,1,
2009,69067,121,2,2,
2009,69067,121,3,3,
2009,69067,121,4,4,
2009,69067,121,5,5,
2009,69067,121,6,6,
2009,69067,121,7,7,
2009,69067,121,8,8,
2009,69067,121,9,9,
2009,69067,121,10,10,
2009,69067,121,11,11,
2009,69067,121,12,12,
2009,69067,121,13,13,2
2009,69067,121,14,14,
2009,69067,121,15,15,
2009,69067,121,16,16,
2009,69067,121,17,17,
2009,69067,121,18,18,
2009,69067,121,19,19,
2009,69067,121,20,20,
2009,69067,121,21,21,
2009,69067,121,22,22,
2009,69067,121,23,23,
2009,69067,121,24,24,
2009,69067,121,25,25,
2009,69067,122,1,1,
2009,69067,122,2,2,2
2009,69067,122,3,3,
2009,69067,122,4,4,2
2009,69067,122,5,5,2
2009,69067,122,6,6,9
2009,69067,122,7,7,6
2009,69067,122,8,8,7
2009,69067,122,9,9,3
2009,69067,122,10,10,19
2009,69067,122,11,11,3
2009,69067,122,12,12,2
2009,69067,122,13,13,6
2009,69067,122,14,14,3
2009,69067,122,15,15,
2009,69067,122,16,16,2
2009,69067,122,17,17,
2009,69067,122,18,18,1
2009,69067,122,19,19,
2009,69067,122,20,20,
2009,69067,122,21,21,3
2009,69067,122,22,22,1
2009,69067,122,23,23,
2009,69067,122,24,24,3
2009,69067,122,25,25,2
2009,69067,123,1,1,
2009,69067,123,2,2,
2009,69067,123,3,3,
2009,69067,123,4,4,
2009,69067,123,5,5,1
2009,69067,123,6,6,4
2009,69067,123,7,7,2
2009,69067,123,8,8,
2009,69067,123,9,9,
2009,69067,123,10,10,
2009,69067,123,11,11,
2009,69067,123,12,12,1
2009,69067,123,13,13,
2009,69067,123,14,14,
2009,69067,123,15,15,
2009,69067,123,16,16,
2009,69067,123,17,17,4
2009,69067,123,18,18,1
2009,69067,123,19,19,
2009,69067,123,20,20,1
2009,69067,123,21,21,5
2009,69067,123,22,22,1
2009,69067,123,23,23,2
2009,69067,123,24,24,4
2009,69067,123,25,25,1
2009,69067,124,1,1,
2009,69067,124,2,2,2
2009,69067,124,3,3,4
2009,69067,124,4,4,2
2009,69067,124,5,5,
2009,69067,124,6,6,7
2009,69067,124,7,7,3
2009,69067,124,8,8,
2009,69067,124,9,9,
2009,69067,124,10,10,
2009,69067,124,11,11,
2009,69067,124,12,12,2
2009,69067,124,13,13,2
2009,69067,124,14,14,1
2009,69067,124,15,15,
2009,69067,124,16,16,5
2009,69067,124,17,17,1
2009,69067,124,18,18,1
2009,69067,124,19,19,
2009,69067,124,20,20,7
2009,69067,124,21,21,1
2009,69067,124,22,22,5
2009,69067,124,23,23,1
2009,69067,124,24,24,5
2009,69067,124,25,25,12
2009,69067,125,1,1,
2009,69067,125,2,2,
2009,69067,125,3,3,
2009,69067,125,4,4,
2009,69067,125,5,5,
2009,69067,125,6,6,
2009,69067,125,7,7,
2009,69067,125,8,8,
2009,69067,125,9,9,
2009,69067,125,10,10,2
2009,69067,125,11,11,
2009,69067,125,12,12,1
2009,69067,125,13,13,1
2009,69067,125,14,14,2
2009,69067,125,15,15,
2009,69067,125,16,16,
2009,69067,125,17,17,
2009,69067,125,18,18,
2009,69067,125,19,19,
2009,69067,125,20,20,
2009,69067,125,21,21,
2009,69067,125,22,22,2
2009,69067,125,23,23,1
2009,69067,125,24,24,
2009,69067,126,1,1,
2009,69067,126,2,2,1
2009,69067,126,3,3,1
2009,69067,126,4,4,
2009,69067,126,5,5,
2009,69067,126,6,6,
2009,69067,126,7,7,
2009,69067,126,8,8,1
2009,69067,126,9,9,
2009,69067,126,10,10,
2009,69067,126,11,11,
2009,69067,126,12,12,
2009,69067,126,13,13,
2009,69067,126,14,14,
2009,69067,126,15,15,
2009,69067,126,16,16,
2009,69067,126,17,17,1
2009,69067,126,18,18,1
2009,69067,126,19,19,
2009,69067,126,20,20,1
2009,69067,126,21,21,
2009,69067,126,22,22,
2009,69067,126,23,23,1
2009,69067,126,24,24,
2009,69067,127,1,1,4
2009,69067,127,2,2,1
2009,69067,127,3,3,16
2009,69067,127,4,4,21
2009,69067,127,5,5,20
2009,69067,127,6,6,7
2009,69067,127,7,7,8
2009,69067,127,8,8,13
2009,69067,127,9,9,5
2009,69067,127,10,10,22
2009,69067,127,11,11,11
2009,69067,127,12,12,22
2009,69067,127,13,13,11
2009,69067,127,14,14,7
2009,69067,127,15,15,8
2009,69067,127,16,16,9
2009,69067,127,17,17,2
2009,69067,127,18,18,11
2009,69067,127,19,19,3
2009,69067,127,20,20,13
2009,69067,127,21,21,15
2009,69067,127,22,22,5
2009,69067,127,23,23,9
2009,69067,127,24,24,8
2009,69067,127,25,25,2
2009,69067,128,1,1,
2009,69067,128,2,2,
2009,69067,128,3,3,1
2009,69067,128,4,4,3
2009,69067,128,5,5,
2009,69067,128,6,6,2
2009,69067,128,7,7,
2009,69067,128,8,8,
2009,69067,128,9,9,1
2009,69067,128,10,10,
2009,69067,128,11,11,1
2009,69067,128,12,12,5
2009,69067,128,13,13,
2009,69067,128,14,14,
2009,69067,128,15,15,
2009,69067,128,16,16,2
2009,69067,128,17,17,1
2009,69067,128,18,18,1
2009,69067,128,19,19,1
2009,69067,128,20,20,4
2009,69067,128,21,21,
2009,69067,128,22,22,
2009,69067,128,23,23,
2009,69067,128,24,24,
2009,69067,128,25,25,
2009,69067,129,1,1,5
2009,69067,129,2,2,4
2009,69067,129,3,3,7
2009,69067,129,4,4,10
2009,69067,129,5,5,12
2009,69067,129,6,6,12
2009,69067,129,7,7,6
2009,69067,129,8,8,15
2009,69067,129,9,9,3
2009,69067,129,10,10,5
2009,69067,129,11,11,3
2009,69067,129,12,12,5
2009,69067,129,13,13,6
2009,69067,129,14,14,8
2009,69067,129,15,15,1
2009,69067,129,16,16,10
2009,69067,129,17,17,
2009,69067,129,18,18,7
2009,69067,129,19,19,
2009,69067,129,20,20,
2009,69067,129,21,21,10
2009,69067,129,22,22,
2009,69067,129,23,23,4
2009,69067,129,24,24,1
2009,69067,129,25,25,1
2009,69067,130,1,1,1
2009,69067,130,2,2,
2009,69067,130,3,3,
2009,69067,130,4,4,3
2009,69067,130,5,5,1
2009,69067,130,6,6,2
2009,69067,130,7,7,1
2009,69067,130,8,8,4
2009,69067,130,9,9,
2009,69067,130,10,10,
2009,69067,130,11,11,14
2009,69067,130,12,12,5
2009,69067,130,13,13,4
2009,69067,130,14,14,1
2009,69067,130,15,15,
2009,69067,130,16,16,4
2009,69067,130,17,17,
2009,69067,130,18,18,2
2009,69067,130,19,19,1
2009,69067,130,20,20,7
2009,69067,130,21,21,
2009,69067,130,22,22,
2009,69067,130,23,23,1
2009,69067,130,24,24,
2009,69067,130,25,25,
2009,69067,131,1,1,2
2009,69067,131,2,2,3
2009,69067,131,3,3,1
2009,69067,131,4,4,5
2009,69067,131,5,5,15
2009,69067,131,6,6,6
2009,69067,131,7,7,7
2009,69067,131,8,8,3
2009,69067,131,9,9,3
2009,69067,131,10,10,15
2009,69067,131,11,11,7
2009,69067,131,12,12,
2009,69067,131,13,13,3
2009,69067,131,14,14,7
2009,69067,131,15,15,10
2009,69067,131,16,16,22
2009,69067,131,17,17,17
2009,69067,131,18,18,13
2009,69067,131,19,19,16
2009,69067,131,20,20,8
2009,69067,131,21,21,1
2009,69067,131,22,22,1
2009,69067,131,23,23,6
2009,69067,131,24,24,3
2009,69067,131,25,25,5
2009,69067,132,1,1,
2009,69067,132,2,2,
2009,69067,132,3,3,2
2009,69067,132,4,4,
2009,69067,132,5,5,
2009,69067,132,6,6,
2009,69067,132,7,7,
2009,69067,132,8,8,2
2009,69067,132,9,9,
2009,69067,132,10,10,1
2009,69067,132,11,11,
2009,69067,132,12,12,
2009,69067,132,13,13,
2009,69067,132,14,14,2
2009,69067,132,15,15,1
2009,69067,132,16,16,
2009,69067,132,17,17,3
2009,69067,132,18,18,
2009,69067,132,19,19,
2009,69067,132,20,20,
2009,69067,132,21,21,
2009,69067,132,22,22,
2009,69067,132,23,23,
2009,69067,133,1,1,
2009,69067,133,2,2,1
2009,69067,133,3,3,
2009,69067,133,4,4,
2009,69067,133,5,5,1
2009,69067,133,6,6,2
2009,69067,133,7,7,5
2009,69067,133,8,8,3
2009,69067,133,9,9,2
2009,69067,133,10,10,
2009,69067,133,11,11,
2009,69067,133,12,12,1
2009,69067,133,13,13,
2009,69067,133,14,14,2
2009,69067,133,15,15,
2009,69067,133,16,16,2
2009,69067,133,17,17,
2009,69067,133,18,18,
2009,69067,133,19,19,
2009,69067,133,20,20,3
2009,69067,133,21,21,1
2009,69067,133,22,22,
2009,69067,133,23,23,
2009,69067,133,24,24,
2009,69067,133,25,25,
2009,69067,134,1,1,
2009,69067,134,2,2,
2009,69067,134,3,3,
2009,69067,134,4,4,1
2009,69067,134,5,5,1
2009,69067,134,6,6,
2009,69067,134,7,7,1
2009,69067,134,8,8,
2009,69067,134,9,9,
2009,69067,134,10,10,2
2009,69067,134,11,11,
2009,69067,134,12,12,
2009,69067,134,13,13,3
2009,69067,134,14,14,3
2009,69067,134,15,15,
2009,69067,134,16,16,2
2009,69067,134,17,17,3
2009,69067,134,18,18,
2009,69067,134,19,19,
2009,69067,134,20,20,5
2009,69067,134,21,21,3
2009,69067,134,22,22,
2009,69067,134,23,23,1
2009,69067,134,24,24,1
2009,69067,134,25,25,3
2009,69067,135,1,1,
2009,69067,135,2,2,1
2009,69067,135,3,3,
2009,69067,135,4,4,3
2009,69067,135,5,5,
2009,69067,135,6,6,
2009,69067,135,7,7,4
2009,69067,135,8,8,4
2009,69067,135,9,9,
2009,69067,135,10,10,
2009,69067,135,11,11,
2009,69067,135,12,12,
2009,69067,135,13,13,3
2009,69067,135,14,14,
2009,69067,135,15,15,
2009,69067,135,16,16,1
2009,69067,135,17,17,
2009,69067,135,18,18,2
2009,69067,135,19,19,
2009,69067,135,20,20,
2009,69067,135,21,21,
2009,69067,135,22,22,
2009,69067,135,23,23,1
2009,69067,135,24,24,4
2009,69067,135,25,25,
2009,69067,136,1,1,16
2009,69067,136,2,2,26
2009,69067,136,3,3,3
2009,69067,136,4,4,5
2009,69067,136,5,5,4
2009,69067,136,6,6,8
2009,69067,136,7,7,20
2009,69067,136,8,8,20
2009,69067,136,9,9,22
2009,69067,136,10,10,10
2009,69067,136,11,11,24
2009,69067,136,12,12,10
2009,69067,136,13,13,8
2009,69067,136,14,14,23
2009,69067,136,15,15,21
2009,69067,136,16,16,22
2009,69067,136,17,17,19
2009,69067,136,18,18,28
2009,69067,136,19,19,17
2009,69067,136,20,20,11
2009,69067,136,21,21,2
2009,69067,136,22,22,16
2009,69067,136,23,23,5
2009,69067,136,24,24,6
2009,69067,136,25,25,18
2009,69067,137,1,1,7
2009,69067,137,2,2,27
2009,69067,137,3,3,14
2009,69067,137,4,4,10
2009,69067,137,5,5,10
2009,69067,137,6,6,65
2009,69067,137,7,7,33
2009,69067,137,8,8,43
2009,69067,137,9,9,57
2009,69067,137,10,10,50
2009,69067,137,11,11,26
2009,69067,137,12,12,42
2009,69067,137,13,13,39
2009,69067,137,14,14,50
2009,69067,137,15,15,74
2009,69067,137,16,16,76
2009,69067,137,17,17,23
2009,69067,137,18,18,
2009,69067,137,19,19,
2009,69067,137,20,20,1
2009,69067,137,21,21,
2009,69067,137,22,22,
2009,69067,137,23,23,2
2009,69067,137,24,24,7
2009,69067,137,25,25,9
2009,69067,138,1,1,16
2009,69067,138,2,2,36
2009,69067,138,3,3,34
2009,69067,138,4,4,35
2009,69067,138,5,5,38
2009,69067,138,6,6,30
2009,69067,138,7,7,18
2009,69067,138,8,8,33
2009,69067,138,9,9,6
2009,69067,138,10,10,17
2009,69067,138,11,11,4
2009,69067,138,12,12,68
2009,69067,138,13,13,4
2009,69067,138,14,14,34
2009,69067,138,15,15,3
2009,69067,138,16,16,5
2009,69067,138,17,17,25
2009,69067,138,18,18,42
2009,69067,138,19,19,7
2009,69067,138,20,20,29
2009,69067,138,21,21,10
2009,69067,138,22,22,15
2009,69067,138,23,23,34
2009,69067,138,24,24,4
2009,69067,138,25,25,4
2009,69067,139,1,1,1
2009,69067,139,2,2,29
2009,69067,139,3,3,2
2009,69067,139,4,4,6
2009,69067,139,5,5,6
2009,69067,139,6,6,30
2009,69067,139,7,7,2
2009,69067,139,8,8,11
2009,69067,139,9,9,2
2009,69067,139,10,10,4
2009,69067,139,11,11,
2009,69067,139,12,12,12
2009,69067,139,13,13,17
2009,69067,139,14,14,3
2009,69067,139,15,15,14
2009,69067,139,16,16,13
2009,69067,139,17,17,3
2009,69067,139,18,18,20
2009,69067,139,19,19,5
2009,69067,139,20,20,9
2009,69067,139,21,21,5
2009,69067,139,22,22,16
2009,69067,139,23,23,3
2009,69067,139,24,24,10
2009,69067,139,25,25,1
2009,69067,140,1,1,10
2009,69067,140,2,2,5
2009,69067,140,3,3,18
2009,69067,140,4,4,20
2009,69067,140,5,5,12
2009,69067,140,6,6,3
2009,69067,140,7,7,2
2009,69067,140,8,8,3
2009,69067,140,9,9,1
2009,69067,140,10,10,5
2009,69067,140,11,11,8
2009,69067,140,12,12,1
2009,69067,140,13,13,6
2009,69067,140,14,14,7
2009,69067,140,15,15,
2009,69067,140,16,16,9
2009,69067,140,17,17,4
2009,69067,140,18,18,5
2009,69067,140,19,19,1
2009,69067,140,20,20,2
2009,69067,140,21,21,1
2009,69067,140,22,22,
2009,69067,140,23,23,11
2009,69067,140,24,24,4
2009,69067,140,25,25,11
2009,69067,141,1,1,16
2009,69067,141,2,2,23
2009,69067,141,3,3,23
2009,69067,141,4,4,7
2009,69067,141,5,5,11
2009,69067,141,6,6,10
2009,69067,141,7,7,38
2009,69067,141,8,8,14
2009,69067,141,9,9,32
2009,69067,141,10,10,7
2009,69067,141,11,11,3
2009,69067,141,12,12,15
2009,69067,141,13,13,16
2009,69067,141,14,14,14
2009,69067,141,15,15,20
2009,69067,141,16,16,13
2009,69067,141,17,17,3
2009,69067,141,18,18,15
2009,69067,141,19,19,10
2009,69067,141,20,20,
2009,69067,141,21,21,10
2009,69067,141,22,22,5
2009,69067,141,23,23,4
2009,69067,141,24,24,
2009,69067,141,25,25,
2009,69067,142,1,1,
2009,69067,142,2,2,31
2009,69067,142,3,3,4
2009,69067,142,4,4,54
2009,69067,142,5,5,5
2009,69067,142,6,6,
2009,69067,142,7,7,2
2009,69067,142,8,8,10
2009,69067,142,9,9,39
2009,69067,142,10,10,6
2009,69067,142,11,11,
2009,69067,142,12,12,
2009,69067,142,13,13,32
2009,69067,142,14,14,3
2009,69067,142,15,15,23
2009,69067,142,16,16,10
2009,69067,142,17,17,4
2009,69067,142,18,18,10
2009,69067,142,19,19,13
2009,69067,142,20,20,12
2009,69067,142,21,21,
2009,69067,142,22,22,4
2009,69067,142,23,23,12
2009,69067,142,24,24,6
2009,69067,142,25,25,10
2009,69067,143,1,1,10
2009,69067,143,2,2,10
2009,69067,143,3,3,23
2009,69067,143,4,4,18
2009,69067,143,5,5,21
2009,69067,143,6,6,24
2009,69067,143,7,7,19
2009,69067,143,8,8,24
2009,69067,143,9,9,13
2009,69067,143,10,10,10
2009,69067,143,11,11,6
2009,69067,143,12,12,3
2009,69067,143,13,13,31
2009,69067,143,14,14,23
2009,69067,143,15,15,52
2009,69067,143,16,16,27
2009,69067,143,17,17,15
2009,69067,143,18,18,7
2009,69067,143,19,19,28
2009,69067,143,20,20,5
2009,69067,143,21,21,25
2009,69067,143,22,22,29
2009,69067,143,23,23,18
2009,69067,143,24,24,18
2009,69067,143,25,25,26
2009,69067,144,1,1,44
2009,69067,144,2,2,29
2009,69067,144,3,3,11
2009,69067,144,4,4,14
2009,69067,144,5,5,28
2009,69067,144,6,6,21
2009,69067,144,7,7,6
2009,69067,144,8,8,12
2009,69067,144,9,9,2
2009,69067,144,10,10,
2009,69067,144,11,11,
2009,69067,144,12,12,17
2009,69067,144,13,13,12
2009,69067,144,14,14,11
2009,69067,144,15,15,14
2009,69067,144,16,16,4
2009,69067,144,17,17,8
2009,69067,144,18,18,21
2009,69067,144,19,19,13
2009,69067,144,20,20,11
2009,69067,144,21,21,12
2009,69067,144,22,22,5
2009,69067,144,23,23,1
2009,69067,144,24,24,
2009,69067,144,25,25,7
2009,69067,145,1,1,5
2009,69067,145,2,2,14
2009,69067,145,3,3,14
2009,69067,145,4,4,
2009,69067,145,5,5,20
2009,69067,145,6,6,15
2009,69067,145,7,7,23
2009,69067,145,8,8,26
2009,69067,145,9,9,16
2009,69067,145,10,10,7
2009,69067,145,11,11,9
2009,69067,145,12,12,9
2009,69067,145,13,13,21
2009,69067,145,14,14,2
2009,69067,145,15,15,16
2009,69067,145,16,16,1
2009,69067,145,17,17,3
2009,69067,145,18,18,2
2009,69067,145,19,19,
2009,69067,145,20,20,3
2009,69067,145,21,21,3
2009,69067,145,22,22,14
2009,69067,145,23,23,1
2009,69067,145,24,24,9
2009,69067,145,25,25,5
2009,69067,146,1,1,
2009,69067,146,2,2,
2009,69067,146,3,3,
2009,69067,146,4,4,3
2009,69067,146,5,5,2
2009,69067,146,6,6,
2009,69067,146,7,7,
2009,69067,146,8,8,
2009,69067,146,9,9,
2009,69067,146,10,10,2
2009,69067,146,11,11,
2009,69067,146,12,12,1
2009,69067,146,13,13,1
2009,69067,146,14,14,
2009,69067,146,15,15,
2009,69067,146,16,16,
2009,69067,146,17,17,
2009,69067,146,18,18,2
2009,69067,146,19,19,2
2009,69067,146,20,20,2
2009,69067,146,21,21,5
2009,69067,146,22,22,3
2009,69067,146,23,23,3
2009,69067,146,24,24,2
2009,69067,146,25,25,
2009,69067,147,1,1,3
2009,69067,147,2,2,
2009,69067,147,3,3,
2009,69067,147,4,4,6
2009,69067,147,5,5,
2009,69067,147,6,6,11
2009,69067,147,7,7,4
2009,69067,147,8,8,3
2009,69067,147,9,9,1
2009,69067,147,10,10,
2009,69067,147,11,11,2
2009,69067,147,12,12,11
2009,69067,147,13,13,
2009,69067,147,14,14,
2009,69067,147,15,15,
2009,69067,147,16,16,
2009,69067,147,17,17,
2009,69067,147,18,18,2
2009,69067,147,19,19,2
2009,69067,147,20,20,1
2009,69067,147,21,21,23
2009,69067,147,22,22,
2009,69067,147,23,23,1
2009,69067,147,24,24,1
2009,69067,147,25,25,
2009,69067,148,1,1,10
2009,69067,148,2,2,
2009,69067,148,3,3,2
2009,69067,148,4,4,3
2009,69067,148,5,5,1
2009,69067,148,6,6,3
2009,69067,148,7,7,2
2009,69067,148,8,8,1
2009,69067,148,9,9,1
2009,69067,148,10,10,2
2009,69067,148,11,11,2
2009,69067,148,12,12,
2009,69067,148,13,13,1
2009,69067,148,14,14,2
2009,69067,148,15,15,7
2009,69067,148,16,16,2
2009,69067,148,17,17,
2009,69067,148,18,18,1
2009,69067,148,19,19,
2009,69067,148,20,20,
2009,69067,148,21,21,17
2009,69067,148,22,22,
2009,69067,148,23,23,
2009,69067,148,24,24,12
2009,69067,148,25,25,
2009,69067,149,1,1,13
2009,69067,149,2,2,14
2009,69067,149,3,3,8
2009,69067,149,4,4,4
2009,69067,149,5,5,10
2009,69067,149,6,6,16
2009,69067,149,7,7,
2009,69067,149,8,8,7
2009,69067,149,9,9,9
2009,69067,149,10,10,7
2009,69067,149,11,11,12
2009,69067,149,12,12,13
2009,69067,149,13,13,2
2009,69067,149,14,14,9
2009,69067,149,15,15,9
2009,69067,149,16,16,16
2009,69067,149,17,17,5
2009,69067,149,18,18,11
2009,69067,149,19,19,4
2009,69067,149,20,20,7
2009,69067,149,21,21,5
2009,69067,149,22,22,9
2009,69067,149,23,23,13
2009,69067,149,24,24,12
2009,69067,149,25,25,6
2009,69067,150,1,1,7
2009,69067,150,2,2,3
2009,69067,150,3,3,9
2009,69067,150,4,4,7
2009,69067,150,5,5,3
2009,69067,150,6,6,4
2009,69067,150,7,7,3
2009,69067,150,8,8,
2009,69067,150,9,9,8
2009,69067,150,10,10,1
2009,69067,150,11,11,16
2009,69067,150,12,12,5
2009,69067,150,13,13,14
2009,69067,150,14,14,16
2009,69067,150,15,15,11
2009,69067,150,16,16,8
2009,69067,150,17,17,14
2009,69067,150,18,18,11
2009,69067,150,19,19,5
2009,69067,150,20,20,12
2009,69067,150,21,21,7
2009,69067,150,22,22,1
2009,69067,150,23,23,8
2009,69067,150,24,24,1
2009,69067,150,25,25,
2009,69067,151,1,1,
2009,69067,151,2,2,
2009,69067,151,3,3,
2009,69067,151,4,4,
2009,69067,151,5,5,
2009,69067,151,6,6,
2009,69067,151,7,7,
2009,69067,151,8,8,
2009,69067,151,9,9,
2009,69067,151,10,10,
2009,69067,151,11,11,
2009,69067,151,12,12,
2009,69067,151,13,13,
2009,69067,151,14,14,
2009,69067,151,15,15,
2009,69067,151,16,16,
2009,69067,151,17,17,
2009,69067,151,18,18,
2009,69067,151,19,19,
2009,69067,151,20,20,
2009,69067,151,21,21,
2009,69067,151,22,22,
2009,69067,151,23,23,
2009,69067,151,24,24,
2009,69067,151,25,25,
2009,69067,152,1,1,
2009,69067,152,2,2,
2009,69067,152,3,3,
2009,69067,152,4,4,
2009,69067,152,5,5,
2009,69067,152,6,6,
2009,69067,152,7,7,
2009,69067,152,8,8,
2009,69067,152,9,9,
2009,69067,152,10,10,
2009,69067,152,11,11,
2009,69067,152,12,12,1
2009,69067,152,13,13,
2009,69067,152,14,14,
2009,69067,152,15,15,10
2009,69067,152,16,16,1
2009,69067,152,17,17,
2009,69067,152,18,18,1
2009,69067,152,19,19,
2009,69067,152,20,20,
2009,69067,152,21,21,
2009,69067,152,22,22,
2009,69067,152,23,23,
2009,69067,152,24,24,
2009,69067,152,25,25,
2009,69067,153,1,1,
2009,69067,153,2,2,1
2009,69067,153,3,3,3
2009,69067,153,4,4,2
2009,69067,153,5,5,4
2009,69067,153,6,6,
2009,69067,153,7,7,1
2009,69067,153,8,8,
2009,69067,153,9,9,2
2009,69067,153,10,10,
2009,69067,153,11,11,2
2009,69067,153,12,12,1
2009,69067,153,13,13,2
2009,69067,153,14,14,2
2009,69067,153,15,15,7
2009,69067,153,16,16,2
2009,69067,153,17,17,
2009,69067,153,18,18,3
2009,69067,153,19,19,1
2009,69067,153,20,20,2
2009,69067,153,21,21,
2009,69067,153,22,22,2
2009,69067,153,23,23,
2009,69067,153,24,24,
2009,69067,153,25,25,4
2009,69067,154,1,1,
2009,69067,154,2,2,3
2009,69067,154,3,3,1
2009,69067,154,4,4,2
2009,69067,154,5,5,3
2009,69067,154,6,6,3
2009,69067,154,7,7,6
2009,69067,154,8,8,2
2009,69067,154,9,9,
2009,69067,154,10,10,4
2009,69067,154,11,11,1
2009,69067,154,12,12,7
2009,69067,154,13,13,2
2009,69067,154,14,14,1
2009,69067,154,15,15,2
2009,69067,154,16,16,5
2009,69067,154,17,17,2
2009,69067,154,18,18,1
2009,69067,154,19,19,
2009,69067,154,20,20,
2009,69067,154,21,21,2
2009,69067,154,22,22,2
2009,69067,154,23,23,
2009,69067,154,24,24,
2009,69067,154,25,25,
2009,69067,155,1,1,7
2009,69067,155,2,2,6
2009,69067,155,3,3,1
2009,69067,155,4,4,1
2009,69067,155,5,5,15
2009,69067,155,6,6,7
2009,69067,155,7,7,
2009,69067,155,8,8,1
2009,69067,155,9,9,3
2009,69067,155,10,10,1
2009,69067,155,11,11,1
2009,69067,155,12,12,6
2009,69067,155,13,13,4
2009,69067,155,14,14,3
2009,69067,155,15,15,11
2009,69067,155,16,16,4
2009,69067,155,17,17,4
2009,69067,155,18,18,
2009,69067,155,19,19,5
2009,69067,155,20,20,2
2009,69067,155,21,21,
2009,69067,155,22,22,
2009,69067,155,23,23,5
2009,69067,155,24,24,
2009,69067,155,25,25,8
